title,price,shipping,date
,,,7
Texas Instruments TI-83 Plus Silver Edition Graphing Calculator Clear Works,JPY 891,0.0,2021-02-14 00:00:00
Texas instruments TI-83 Plus Graphing Calculator **USED** Great Condition**,JPY 104,0.0,2021-02-14 00:00:00
TI 83 plus Graphing Calculator,"JPY 1,050",0.0,2021-02-14 00:00:00
Texas Instruments TI-83 Plus Graphing Calculator,"JPY 1,049",0.0,2021-02-14 00:00:00
 SCIENTIFIC  CALCULATOR's - TEXAS TI-83 - Casio FX-85GT PLUS - sharp EL-531X,"JPY 1,452",0.0,2021-02-14 00:00:00
Texas Instruments TI-83 Plus Graphing Calculator Great Condition,"JPY 2,047",0.0,2021-02-13 00:00:00
Texas Instruments TI-83 Plus Graphing Calculator  Great Condition,"JPY 2,152",0.0,2021-02-13 00:00:00
Texas Instruments TI-83 Plus Graphing Calculator,JPY 105,0.0,2021-02-12 00:00:00
Texas Instruments TI-83 Plus Graphing Calculator Graph Math Trig Calculus,"JPY 2,100",0.0,2021-02-12 00:00:00
Texas Instruments TI-83 Plus Graphic Calculator + Batteries,"JPY 1,972",0.0,2021-02-12 00:00:00
Texas Instruments TI-83 Plus Graphing Calculator SAT ACT  - NEW,"JPY 7,558",0.0,2021-02-11 00:00:00
Texas Instruments TI-83 Plus Graphing Calculator,"JPY 1,386",0.0,2021-02-11 00:00:00
Texas Instruments TI-83 Plus Graphing Calculator,JPY 105,0.0,2021-02-11 00:00:00
TI-83 Plus with Case Graphing Calculator Black Texas Instruments Works,"JPY 3,464",0.0,2021-02-11 00:00:00
ti 83 plus calculator,"JPY 2,204",0.0,2021-02-10 00:00:00
LOT OF 5 TEXAS INSTRUMENTS CALCULATORS FOR PARTS/REPAIR,JPY 184,0.0,2021-02-10 00:00:00
Texas Instruments TI-83 Plus Graphing Calculator,"JPY 1,386",0.0,2021-02-10 00:00:00
New in Box Texas Instruments TI-83 Plus Graphing Calculator,"JPY 5,879",0.0,2021-02-10 00:00:00
TI-83 Plus Texas Instruments Graphing Calculator - Thoroughly Tested Very Nice,"JPY 1,260",0.0,2021-02-10 00:00:00
Texas Instruments TI-83 Plus Graphing Calculator,"JPY 1,396",0.0,2021-02-10 00:00:00
Texas Instruments TI-83 Plus Graphing Calculator,"JPY 1,049",0.0,2021-02-10 00:00:00
Texas Instruments TI-83 Plus Graphics Calculator Manual guidebook,JPY 435,0.0,2021-02-10 00:00:00
Texas Instruments TI-83 Plus Silver Edition Graphing Calculator,JPY 341,0.0,2021-02-09 00:00:00
Texas Instruments Ti-83 Plus Graphing Calculator,"JPY 1,575",0.0,2021-02-09 00:00:00
Texas Instruments TI-83 Plus Graphing Calculator with Cover. Works,"JPY 2,098",0.0,2021-02-09 00:00:00
Texas Instruments TI-83 Plus Graphing Calculator,"JPY 1,102",0.0,2021-02-09 00:00:00
Texas Instruments TI-83 Plus Graphing Calculator,"JPY 2,414",0.0,2021-02-09 00:00:00
Texas Instruments TI-83 Plus Graphing Calculator,"JPY 2,624",0.0,2021-02-09 00:00:00
Texas Instruments Ti-89 & Ti-83 Plus Graphing Calculators TI89 *AS IS FOR PARTS*,"JPY 2,100",0.0,2021-02-09 00:00:00
Texas Instruments TI-83 Plus Silver Edition Graphing Calculator Working,"JPY 3,148",0.0,2021-02-08 00:00:00
Texas Instruments TI-83 Plus Graphing Calculator,"JPY 1,050",0.0,2021-02-08 00:00:00
Texas Instruments TI-83 Plus Graphing Calculator,"JPY 2,100",0.0,2021-02-08 00:00:00
Texas Instruments TI-83 Plus Graphing Calculator,"JPY 1,249",0.0,2021-02-08 00:00:00
"Texas Instruments TI-83 Plus GTR, Black, Used",JPY 572,0.0,2021-02-08 00:00:00
texas instruments ti-83 plus graphing calculator,"JPY 5,354",0.0,2021-02-08 00:00:00
Texas Instruments TI-83 Plus Graphing Calculator,"JPY 1,260",0.0,2021-02-08 00:00:00
TI 83 PLUS Graphing  Calculator ,"JPY 1,260",0.0,2021-02-08 00:00:00
Texas Instruments TI-83 Plus Graphing Calculator,"JPY 1,155",0.0,2021-02-08 00:00:00
Texas Instruments TI-83 Plus Graphing Calculator,"JPY 1,218",0.0,2021-02-07 00:00:00
Texas Instruments TI-83 Plus Graphing Calculator,JPY 682,0.0,2021-02-07 00:00:00
Texas Instruments TI-83 Plus Silver Edition Graphing Calculator,"JPY 1,050",0.0,2021-02-07 00:00:00
Texas Instruments TI-83 Plus Graphing Calculator,"JPY 1,239",0.0,2021-02-07 00:00:00
Clear Blue Texas Instruments TI-83 Plus Graphic Scientific Calculator | Used,JPY 1,0.0,2021-02-07 00:00:00
Texas Instruments TI-83 Plus Graphing Calculator,"JPY 6,404",0.0,2021-02-06 00:00:00
Texas Instruments TI-83 Plus Silver Edition Graphing Calculator Manual Works ,"JPY 2,729",0.0,2021-02-06 00:00:00
Texas Instruments TI-83 Plus - Used,"JPY 2,309",0.0,2021-02-06 00:00:00
Texas Instruments TI-83 Plus Graphing Calculator Tested Great Condition,"JPY 3,043",0.0,2021-02-06 00:00:00
"TI 83 plus graphing calculator-never used, but no packaging. ","JPY 3,149",0.0,2021-02-06 00:00:00
Texas Instruments TI-83 Plus Graphing Calculator,"JPY 1,456",0.0,2021-02-06 00:00:00
Texas Instruments TI-83 Plus Graphing Calculator,JPY 840,0.0,2021-02-06 00:00:00
Texas Instruments TI-83 Plus Graphing Calculator Tested Great Condition,"JPY 2,309",0.0,2021-02-05 00:00:00
Texas Instruments TI-83 Plus Graphing Calculator ,"JPY 1,050",0.0,2021-02-05 00:00:00
Texas Instruments TI-83 Plus Graphing Calculator,"JPY 1,207",0.0,2021-02-05 00:00:00
Texas Instruments TI-83 Plus Graphing Calculator,JPY 525,0.0,2021-02-05 00:00:00
Texas Instruments TI-83 Plus Graphing Calculator,"JPY 1,249",0.0,2021-02-04 00:00:00
TI-83 Plus Graphic Calculator-Texas Instruments,JPY 461,0.0,2021-02-04 00:00:00
Texas Instruments TI-83 Plus Graphing Calculator,JPY 525,0.0,2021-02-03 00:00:00
Texas Instruments TI-83 Plus Graphing Calculator,"JPY 4,199",0.0,2021-02-03 00:00:00
Texas Instruments TI-83 Plus Graphing Calculator used FOR ANIMAL CHARITY! ,JPY 840,0.0,2021-02-03 00:00:00
Texas Instruments TI-83 Plus Graphing Calculator,"JPY 1,228",0.0,2021-02-03 00:00:00
Texas Instruments TI-83 Plus Graphing Calculator,"JPY 1,575",0.0,2021-02-03 00:00:00
TI 83 PLUS Graphing  Calculator ,"JPY 1,260",0.0,2021-02-03 00:00:00
Texas Instruments TI-83 Plus Silver Edition Graphing Calculator-Great Condition!,"JPY 1,575",0.0,2021-02-03 00:00:00
Texas Instruments TI-83 Plus Graphing Calculator,"JPY 1,155",0.0,2021-02-02 00:00:00
Texas Instruments TI-83 Plus Graphing Calculator,"JPY 1,239",0.0,2021-02-02 00:00:00
Texas Instruments TI-83 Plus Silver Edition Graphing Calculator-Great Condition!,"JPY 1,260",0.0,2021-02-02 00:00:00
Lot Texas Instruments Calculators 4x TI-83 Plus & TI-84 Plus Silver Edition PART,"JPY 2,100",0.0,2021-02-02 00:00:00
Texas Instruments TI-83 Plus Graphing Calculator,"JPY 1,386",0.0,2021-02-02 00:00:00
Texas Instruments TI-83 Plus Silver Edition Graphing Calculator Used,"JPY 1,364",0.0,2021-02-02 00:00:00
Texas instruments ti 83 Plus Calculator Blue Used,"JPY 1,452",0.0,2021-02-02 00:00:00
Texas Instruments TI-83 Plus Graphing Calculator - Gray Tested New Batteries,"JPY 1,260",0.0,2021-02-01 00:00:00
Texas Instruments TI-83 Plus Graphing Calculator,"JPY 1,396",0.0,2021-02-01 00:00:00
texas instruments ti-83 plus graphing calculator,"JPY 3,149",0.0,2021-02-01 00:00:00
Texas Instruments TI-83 Plus Graphing Calculator Used (No Cover),"JPY 1,155",0.0,2021-02-01 00:00:00
Texas Instruments TI-83 Plus Graphing Calculator Black TESTED AND WORKS !,JPY 945,0.0,2021-02-01 00:00:00
Texas Instruments TI-83 Plus Graphing Calculator,"JPY 1,249",0.0,2021-02-01 00:00:00
Texas Instruments TI-83 Plus Graphing Calculator Tested Great Condition,"JPY 2,098",0.0,2021-02-01 00:00:00
Texas Instruments TI-83 Plus Graphing Calculator with lot of used calculators ,"JPY 1,627",0.0,2021-01-31 00:00:00
TI-83 PLUS  + Graphic Calculator Sliding Cover Texas Instruments TI83 Plus Great,"JPY 1,176",0.0,2021-01-31 00:00:00
Texas Instruments TI-83 Plus Graphing Calculator,"JPY 2,048",0.0,2021-01-31 00:00:00
Texas Instruments TI-83 Plus Graphing Calculator,"JPY 1,218",0.0,2021-01-31 00:00:00
Texas Instruments TI-83 Plus Graphing Calculator with Instruction Manual,"JPY 1,249",0.0,2021-01-31 00:00:00
Texas Instruments TI-83 Plus Graphing Calculator,"JPY 1,239",0.0,2021-01-31 00:00:00
Texas Instruments TI-83 Plus Graphing Calculator,"JPY 1,102",0.0,2021-01-31 00:00:00
Texas Instruments TI-83 Plus Graphic Calculator,"JPY 4,216",0.0,2021-01-30 00:00:00
TEXAS INSTRUMENTS TI-83 PLUS CALCULATOR,"JPY 1,154",0.0,2021-01-29 00:00:00
Texas Instruments TI-83 Plus Graphing Calculator 1999 Black Cover (JBC,"JPY 1,575",0.0,2021-01-29 00:00:00
Texas Instruments TI-83 Plus Graphing Calculator,"JPY 1,743",0.0,2021-01-29 00:00:00
Texas Instruments TI-83 Plus Graphing Calculator,"JPY 1,312",0.0,2021-01-28 00:00:00
3 Texas Instruments TI-83 Plus Graphing Calculator *NOT WORKING* FOR PARTS ONLY,JPY 104,0.0,2021-01-28 00:00:00
Texas Instruments TI-83 Plus Graphing Calculator,JPY 651,0.0,2021-01-28 00:00:00
Texas Instruments TI-83 Plus Graphing Calculator Black,"JPY 1,049",0.0,2021-01-27 00:00:00
TI-83 Plus Graphing Calculator. Translucent Blue Sparkle Edition.,"JPY 1,575",0.0,2021-01-27 00:00:00
Texas Instruments TI-83 Plus Graphing Calculator,"JPY 1,249",0.0,2021-01-27 00:00:00
Texas Instruments TI-83 Plus Graphing Calculator,"JPY 1,312",0.0,2021-01-27 00:00:00
Texas Instruments TI-83 Plus Graphing Calculator,"JPY 1,102",0.0,2021-01-26 00:00:00
Texas Instruments TI-83 PLUS graphing calculator - TESTED (WORKS),"JPY 1,312",0.0,2021-01-26 00:00:00
texas instruments ti-83 plus graphing calculator,"JPY 1,417",0.0,2021-01-26 00:00:00
Texas Instruments TI-83 Plus Graphing Calculator,"JPY 1,966",0.0,2021-01-26 00:00:00
texas instruments ti-83 plus,"JPY 1,817",0.0,2021-01-26 00:00:00
Texas Instruments TI-83 Plus Graphing Calculator,"JPY 1,942",0.0,2021-01-25 00:00:00
"Texas Instruments TI-83 Plus Graphing Calculator-No packaging, but never used. ","JPY 2,624",0.0,2021-01-25 00:00:00
Texas Instruments TI-83 Plus Graphing Calculator Black,"JPY 1,102",0.0,2021-01-25 00:00:00
Texas Instruments TI-83 Plus Graphing Calculator,"JPY 1,522",0.0,2021-01-25 00:00:00
Texas Instruments TI-83 Plus Graphing Calculator with Cover - Brand New,"JPY 7,873",0.0,2021-01-25 00:00:00
Texas Instruments TI-83 Plus Graphing Calculator,"JPY 1,207",0.0,2021-01-25 00:00:00
Texas Instruments TI-83 Plus Graphing Calculator,"JPY 1,836",0.0,2021-01-24 00:00:00
Lot of 4 Texas Instruments TI-83 Plus Graphing Calculator,"JPY 5,527",0.0,2021-01-24 00:00:00
Texas Instruments TI-83 Plus Graphing Calculator,"JPY 1,281",0.0,2021-01-24 00:00:00
Texas Instruments ti-83 Plus Graphic Calculator,JPY 572,0.0,2021-01-24 00:00:00
Texas Instruments TI-83 Plus Graphing Calculator,"JPY 6,299",0.0,2021-01-24 00:00:00
Texas Instruments TI-83 Plus Graphing Calculator (Used),"JPY 1,365",0.0,2021-01-23 00:00:00
Texas Instruments TI-83 Plus Graphing Calculator,"JPY 2,624",0.0,2021-01-23 00:00:00
Texas Instruments TI-83 Plus Graphing Calculator,"JPY 1,965",0.0,2021-01-23 00:00:00
"Texas Instruments TI-83 Plus Graphing Calculator, has vertical line","JPY 1,050",0.0,2021-01-23 00:00:00
Texas Instruments TI-83 Plus CE Graphing Math Calculator Educational Tool Tested,"JPY 3,669",0.0,2021-01-22 00:00:00
Texas Instruments TI-83 Plus Silver Edition Graphing Calculator,"JPY 1,197",0.0,2021-01-22 00:00:00
TI-83 Plus Parts,JPY 187,0.0,2021-01-22 00:00:00
Texas Instruments TI-83 Plus Graphing Calculator,"JPY 1,965",0.0,2021-01-21 00:00:00
Texas Instruments TI-83 Plus Silver Edition Graphing Calculator,"JPY 1,335",0.0,2021-01-21 00:00:00
TI-83 Plus Graphing Calculator With Cover,"JPY 1,617",0.0,2021-01-21 00:00:00
TI-83 Plus Graphics Calculator Texas Instruments NEW and unopened.,"JPY 3,489",0.0,2021-01-21 00:00:00
Texas Instruments TI-83 Plus Graphing Calculator,"JPY 1,901",0.0,2021-01-21 00:00:00
Texas Instruments TI-83 Plus Silver Edition CLEAR Graphing Calculator TESTED ,JPY 913,0.0,2021-01-20 00:00:00
"Texas Instruments TI-83 Plus Graphing Calculator - Used, working","JPY 1,627",0.0,2021-01-20 00:00:00
Texas Instruments TI-83 Plus Graphing Calculator,"JPY 1,627",0.0,2021-01-20 00:00:00
Texas Instruments TI-83 Plus Graphing Calculator,"JPY 1,249",0.0,2021-01-20 00:00:00
Texas Instruments TI-83 Plus Graphing Calculator,"JPY 5,459",0.0,2021-01-20 00:00:00
Texas Instruments TI-83 Plus Graphing Calculator,"JPY 1,575",0.0,2021-01-20 00:00:00
TI-83 Plus Graphing Calculator (Black) Great Condition comes with a case,"JPY 2,834",0.0,2021-01-20 00:00:00
Texas Instruments TI-83 Plus Graphing Calculator,"JPY 2,100",0.0,2021-01-20 00:00:00
Texas Instruments TI-83 Plus Graphing Calculator,"JPY 1,818",0.0,2021-01-20 00:00:00
Texas Instruments TI-83 Plus Graphing Calculator,"JPY 2,152",0.0,2021-01-19 00:00:00
Texas Instruments TI-83 Plus Graphing Calculator,"JPY 1,575",0.0,2021-01-19 00:00:00
Texas Instruments TI-83 Plus Graphing Calculator,"JPY 1,049",0.0,2021-01-19 00:00:00
Texas Instruments TI-83 Plus Graphing Calculator,"JPY 2,100",0.0,2021-01-19 00:00:00
Texas Instruments TI-83 Plus Graphing Calculator,"JPY 2,148",0.0,2021-01-19 00:00:00
Black Texas Instruments TI-83 Plus Graphing Calculator WORKS GREAT!,"JPY 2,100",0.0,2021-01-19 00:00:00
Texas Instruments TI-83 Plus Silver Edition Graphing Calculator,"JPY 1,696",0.0,2021-01-19 00:00:00
Texas Instruments TI-83 Plus Silver Edition Graphing Calculator,"JPY 1,207",0.0,2021-01-18 00:00:00
Texas Instruments TI-83 Plus Graphing Calculator - Tested Works,"JPY 1,732",0.0,2021-01-18 00:00:00
Texas Instruments TI-83 Plus Graphing Calculator,"JPY 1,696",0.0,2021-01-17 00:00:00
Texas Instruments TI-83 Plus Silver Edition Graphing Calculator,JPY 787,0.0,2021-01-17 00:00:00
ti 83 plus graphing calculator with cover,"JPY 1,696",0.0,2021-01-17 00:00:00
Texas Instruments TI-83 Plus Graphing Calculator,"JPY 1,260",0.0,2021-01-17 00:00:00
Texas Instruments TI-83 Plus Graphing Calculator,"JPY 1,207",0.0,2021-01-17 00:00:00
Texas Instruments TI-83 Plus Graphing Calculator (Booklet And Cover Included),"JPY 1,459",0.0,2021-01-17 00:00:00
Texas Instruments TI-83 Plus Graphing Calculator,"JPY 1,575",0.0,2021-01-16 00:00:00
TI-83 Graphic Calculator plus Sliding Cover Texas Instruments Graphing TI83,"JPY 1,102",0.0,2021-01-16 00:00:00
Texas Instruments TI-83 Plus Graphing Calculator  Cover Black ,"JPY 1,764",0.0,2021-01-16 00:00:00
Texas Instruments TI-83 Plus Graphing Calculator,"JPY 3,149",0.0,2021-01-16 00:00:00
Texas Instruments TI-83 Plus Graphing Calculator,"JPY 1,407",0.0,2021-01-16 00:00:00
Calculator GTR graphics capable Texas Instruments TI-83 Plus,JPY 331,0.0,2021-01-16 00:00:00
Texas Instruments TI-83 Plus Graphing Calculator,"JPY 1,522",0.0,2021-01-16 00:00:00
ti 83 plus graphing calculator with cover and case,"JPY 1,627",0.0,2021-01-16 00:00:00
Texas Instruments TI-83 Plus Graphic Calculator with Case,"JPY 2,908",0.0,2021-01-16 00:00:00
Graphical calculator | Texas Instruments TI-83 plus-VGC,JPY 382,0.0,2021-01-16 00:00:00
Texas Instruments TI-83 Plus Graphing Calculator,"JPY 1,680",0.0,2021-01-15 00:00:00
Texas Instruments TI-83 Plus Graphing Calculator,JPY 735,0.0,2021-01-15 00:00:00
Texas Instruments TI-83 Plus Graphing Calculator,"JPY 1,785",0.0,2021-01-15 00:00:00
Texas Instruments TI-83 Plus Graphic Calculator,"JPY 1,590",0.0,2021-01-15 00:00:00
Texas Instruments TI-83 Plus Graphing Calculator,"JPY 1,837",0.0,2021-01-14 00:00:00
Texas Instruments TI-83 Plus Graphing Calculator,"JPY 2,624",0.0,2021-01-14 00:00:00
"Texas Instruments TI-83 Plus Graphing Calculator w/Slide Cover, 4-AAA Batts Incl","JPY 1,890",0.0,2021-01-13 00:00:00
Texas Instruments TI-83 Plus Graphing Calculator,"JPY 1,364",0.0,2021-01-13 00:00:00
Texas Instruments TI-83 Plus Graphic Calculator,"JPY 2,781",0.0,2021-01-12 00:00:00
Texas Instruments TI-83 Plus Silver Edition Graphing Calculator,"JPY 1,627",0.0,2021-01-12 00:00:00
fx-7000G GRAPHICS scientific calculator Casio,"JPY 1,333",0.0,2021-01-12 00:00:00
Texas Instruments TI-83 Plus Graphing Calculator,"JPY 5,459",0.0,2021-01-11 00:00:00
Texas Instruments TI-83 Plus Graphing Calculator,"JPY 5,354",0.0,2021-01-11 00:00:00
Texas Instruments TI-83 Plus Graphing Calculator,"JPY 1,575",0.0,2021-01-11 00:00:00
TI-83 plus graphing calculator with cover,"JPY 1,459",0.0,2021-01-11 00:00:00
TI-83 Plus Graphic Calculator-Texas Instruments,JPY 267,0.0,2021-01-11 00:00:00
+Nice Texas Instruments TI-83 Plus Graphing Calculator with Cover TESTED & WORKS,"JPY 2,592",0.0,2021-01-11 00:00:00
Texas Instruments TI-83 Plus Graphing Calculator,"JPY 1,260",0.0,2021-01-11 00:00:00
Texas Instruments TI-83 Plus Graphing Calc with Cover.  Used but in VG shape,"JPY 1,522",0.0,2021-01-11 00:00:00
Texas Instruments TI-83 Plus Graphing Calculator,"JPY 2,624",0.0,2021-01-10 00:00:00
Texas Instruments TI-83 Plus Graphing Calculator,"JPY 1,407",0.0,2021-01-10 00:00:00
Texas Instruments TI-83 Plus Graphing Calculator,JPY 892,0.0,2021-01-10 00:00:00
Texas Instruments TI-83 Plus Graphing Calculator - TESTED,"JPY 1,365",0.0,2021-01-10 00:00:00
Texas Instruments TI-83 Plus Graphing Calculator.  Only used for 1 college Term.,"JPY 2,549",0.0,2021-01-10 00:00:00
Texas Instruments TI-83 Plus Graphing Calculator,JPY 525,0.0,2021-01-09 00:00:00
Texas Instruments TI-83 Plus Graphing Calculator,"JPY 1,249",0.0,2021-01-09 00:00:00
Texas Instruments TI-83 Plus Graphing Calculator Used Great Condition LOT OF 2,"JPY 1,627",0.0,2021-01-09 00:00:00
Texas Instruments TI-83 Plus Graphing Calculator,"JPY 5,249",0.0,2021-01-09 00:00:00
Texas Instruments TI 83 Plus Graphic Calculator with Manual,JPY 356,0.0,2021-01-09 00:00:00
Texas Instruments TI-83 Plus Graphing Calculator with Cover Tested,"JPY 1,249",0.0,2021-01-08 00:00:00
Texas Instruments TI-83 Plus Graphing Calculator and TI-82,"JPY 1,575",0.0,2021-01-08 00:00:00
Texas Instruments TI-83 Plus Graphing Calculator,JPY 525,0.0,2021-01-08 00:00:00
"LOT of 3x TI-84, 1x (bad) TI-83 Graphing Calculators with GRAPH LINK cable","JPY 6,928",0.0,2021-01-08 00:00:00
Texas Instruments TI-83 Plus Graphing Calculator,JPY 104,0.0,2021-01-08 00:00:00
Texas Instruments TI-83 Plus Graphing Calculator Black With Cover TESTED WORKS!,"JPY 2,414",0.0,2021-01-08 00:00:00
Texas Instruments TI-83 Plus Silver Edition Graphing Calculator,JPY 903,0.0,2021-01-07 00:00:00
Texas Instruments TI-83 Plus Graphing Calculator,"JPY 1,249",0.0,2021-01-07 00:00:00
ti 83 plus,"320,930.23 VND",0.0,2021-02-15 00:00:00
Texas Instruments TI-83 Plus Graphing Calculator with case and instruction book,"465,116.28 VND",0.0,2021-02-15 00:00:00
New Listing,"1,394,186.05 VND",0.0,2021-02-15 00:00:00
New Listing,"1,627,906.98 VND",0.0,2021-02-15 00:00:00
New Listing,"464,186.05 VND",0.0,2021-02-15 00:00:00
New Listing,"1,859,302.33 VND",0.0,2021-02-15 00:00:00
New Listing,"581,162.79 VND",0.0,2021-02-15 00:00:00
TI-83 Plus Graphic Calculator Texas Instruments Graphing TI83 Plus Works,"651,162.79 VND",0.0,2021-02-15 00:00:00
New Listing,"580,930.23 VND",0.0,2021-02-15 00:00:00
Texas Instruments TI-83 Plus Silver Edition Graphing Calculator,"220,930.23 VND",0.0,2021-02-15 00:00:00
New Listing,"348,604.65 VND",0.0,2021-02-15 00:00:00
New Listing,"279,069.77 VND",0.0,2021-02-15 00:00:00
Texas Instruments TI-83 Plus Graphing Calculator,"534,651.16 VND",0.0,2021-02-15 00:00:00
New Listing,"465,116.28 VND",0.0,2021-02-15 00:00:00
Texas Instruments TI-83 Plus Silver Edition Graphing Calculator Clear,"697,441.86 VND",0.0,2021-02-15 00:00:00
Texas Instruments TI-83 Plus Graphing Calculator,"511,627.91 VND",0.0,2021-02-15 00:00:00
Texas Instruments TI-83 Plus Graphing Calculator Transparent Clear Blue Tested,"580,232.56 VND",0.0,2021-02-15 00:00:00
Texas Instruments TI-83 Plus Graphing Calculator,"532,558.14 VND",0.0,2021-02-15 00:00:00
texas instruments ti-83 plus,"348,837.21 VND",0.0,2021-02-15 00:00:00
Texas Instruments TI-83 Plus Graphing Calculator Tested Great Condition,"813,953.49 VND",0.0,2021-02-15 00:00:00
TI 83 Plus Graphing Calculator with Slide Cover Tested Works,"812,790.70 VND",0.0,2021-02-15 00:00:00
Texas Instruments TI-83 Plus Graphing Calculator Tested & Working,"558,139.53 VND",0.0,2021-02-15 00:00:00
Texas Instruments TI-83 Plus Graphing Calculator No Cover,"813,720.93 VND",0.0,2021-02-15 00:00:00
Texas Instruments TI-83 Plus Graphing Calculator,"581,395.35 VND",0.0,2021-02-15 00:00:00
Texas Instruments TI-83 Plus Graphing Calculator Tested And Working,"697,441.86 VND",0.0,2021-02-15 00:00:00
Texas Instruments TI-83 Plus Graphing Calculator Tested Great Condition,"766,279.07 VND",0.0,2021-02-15 00:00:00
Texas Instruments TI-83 Plus Graphing Calculator W/Slip Cover Tested Working,"534,651.16 VND",0.0,2021-02-15 00:00:00
T1-83 Plus Texas Instruments Graphing Calculator with Cover - TESTED and WORKS,"697,441.86 VND",0.0,2021-02-15 00:00:00
T1-83 Plus Texas Instruments Graphing Calculator with Cover - TESTED and WORKS,"673,255.81 VND",0.0,2021-02-15 00:00:00
Texas Instruments TI-83 Plus Graphing Calculator Tested Works Good Condition ,"695,348.84 VND",0.0,2021-02-15 00:00:00
Texas Instruments TI-83 Plus Graphing Calculator Tested Great Condition,"697,674.42 VND",0.0,2021-02-15 00:00:00
Texas Instruments TI-83 Plus Graphing Calculator,"650,000.00 VND",0.0,2021-02-15 00:00:00
Texas Instruments TI-83 Plus Graphing Calculator,"697,441.86 VND",0.0,2021-02-15 00:00:00
TESTED Texas Instruments TI-83 Plus Graphing Calculator W/Cover fast shipping ,"510,465.12 VND",0.0,2021-02-15 00:00:00
Texas Instruments TI-83 Plus Graphing Calculator,"812,790.70 VND",0.0,2021-02-15 00:00:00
Texas Instruments TI-83 Plus Graphing Calculator,"627,674.42 VND",0.0,2021-02-15 00:00:00
Texas Instruments TI-83 Plus Graphing Calculator Tested and Works ,"813,720.93 VND",0.0,2021-02-15 00:00:00
Texas Instruments TI-83 Plus Graphing Calculator Tested,"406,744.19 VND",0.0,2021-02-15 00:00:00
Texas Instruments TI-83 Plus Graphing Calculator Tested,"534,651.16 VND",0.0,2021-02-15 00:00:00
Texas Instruments TI-83 Plus Graphing Calculator Tested No Battery Cover,"395,116.28 VND",0.0,2021-02-15 00:00:00
TI-83 PLUS Graphic Calculator Sliding Cover Texas Instruments TI83 plus TESTED ,"651,162.79 VND",0.0,2021-02-15 00:00:00
Texas Instruments TI-83 Plus Graphing Calculator  - Tested  GREAT SCREEN,"581,162.79 VND",0.0,2021-02-15 00:00:00
Texas Instruments TI-83 Plus Graphing Calculator Works,"532,558.14 VND",0.0,2021-02-15 00:00:00
Texas Instruments TI-83 Plus Graphing Calculator (missing cover),"464,883.72 VND",0.0,2021-02-15 00:00:00
Texas Instruments TI-83 Plus Graphing Calculator With Cover Slide,"697,441.86 VND",0.0,2021-02-15 00:00:00
Texas Instruments ti-83 plus calculator,"116,279.07 VND",0.0,2021-02-15 00:00:00
Texas Instruments TI-83 Plus Graphing Calculator,"813,720.93 VND",0.0,2021-02-15 00:00:00
Texas Instruments TI-83 Plus Graphing Calculator Tested Manual Included NO cover,"674,186.05 VND",0.0,2021-02-15 00:00:00
New Listing,"697,441.86 VND",0.0,2021-02-15 00:00:00
New Listing,"523,255.81 VND",0.0,2021-02-15 00:00:00
New Listing,"627,906.98 VND",0.0,2021-02-15 00:00:00
New Listing,"464,883.72 VND",0.0,2021-02-15 00:00:00
New Listing,"790,465.12 VND",0.0,2021-02-15 00:00:00
New Listing,"697,674.42 VND",0.0,2021-02-15 00:00:00
New Listing,"686,046.51 VND",0.0,2021-02-15 00:00:00
New Listing,"813,953.49 VND",0.0,2021-02-15 00:00:00
New Listing,"558,139.53 VND",0.0,2021-02-15 00:00:00
Texas Instruments TI-83 Plus Graphing Calculator *Black*Sealed*NEW*,"1,511,627.91 VND",0.0,2021-02-15 00:00:00
Texas Instruments TI-83 Plus Graphing Calculator.  New in damaged Packaging.,"1,534,651.16 VND",0.0,2021-02-15 00:00:00
BRAND NEW Texas Instruments TI-83 Plus graphing calculator L@@K }{}{}{}{}{,"1,151,162.79 VND",0.0,2021-02-15 00:00:00
Texas Instruments TI-83 Plus Graphing Calculator - Tested Works,"418,604.65 VND",0.0,2021-02-15 00:00:00
Texas Instruments TI-83 Plus Graphing Calculator #2- Tested Works,"418,604.65 VND",0.0,2021-02-15 00:00:00
New Listing,"1,476,511.63 VND",0.0,2021-02-15 00:00:00
Texas instruments ti-83 plus graphing calculator,"581,395.35 VND",0.0,2021-02-15 00:00:00
Texas Instruments TI-83 Plus - Used,"697,674.42 VND",0.0,2021-02-15 00:00:00
Texas Instruments TI-83 Plus Graphing Calculator Tested Great Condition,"534,883.72 VND",0.0,2021-02-15 00:00:00
Texas Instruments TI-83 Plus Graphing Calculator Turns On Nice Condition,"674,418.60 VND",0.0,2021-02-15 00:00:00
Texas Instruments TI-83 Plus Graphing Calculator,"558,139.53 VND",0.0,2021-02-14 00:00:00
Texas Instruments TI-83 Plus Silver Edition Graphing Calculator Clear Works,"197,441.86 VND",0.0,2021-02-14 00:00:00
New Listing,"604,418.60 VND",0.0,2021-02-14 00:00:00
New Listing,"1,162,790.70 VND",0.0,2021-02-14 00:00:00
Texas Instruments TI-83 Plus Graphing Calculator tested working,"371,860.47 VND",0.0,2021-02-14 00:00:00
Texas instruments TI-83 Plus Graphing Calculator **USED** Great Condition**,"23,023.26 VND",0.0,2021-02-14 00:00:00
Texas Instruments TI-83 Plus Graphing Calculator Tested w/ Cover,"476,744.19 VND",0.0,2021-02-14 00:00:00
Texas Instruments TI-83 Plus Graphing Calculator,"437,674.42 VND",0.0,2021-02-14 00:00:00
TI 83 plus Graphing Calculator,"232,558.14 VND",0.0,2021-02-14 00:00:00
Ti-83 Plus Silver Edition with Cover For Parts Only,"23,023.26 VND",0.0,2021-02-14 00:00:00
Texas Instruments TI-83 Plus Graphing Calculator,"232,325.58 VND",0.0,2021-02-14 00:00:00
Texas Instruments TI-83 Plus Clear Blue Graphing Calculator w/ Cover,"581,162.79 VND",0.0,2021-02-14 00:00:00
Texas Instruments TI-83 Plus Graphing Calculator,"696,511.63 VND",0.0,2021-02-14 00:00:00
Calculator Gymnasium upper stage Texas Instruments TI-83 Plus,"363,555.00 VND",0.0,2021-02-14 00:00:00
Texas Instruments TI-83 Plus Graphing Calculator with Case Working Calculator,"581,395.35 VND",0.0,2021-02-14 00:00:00
Texas Instruments TI-83 Plus Graphing Calculator,"348,837.21 VND",0.0,2021-02-14 00:00:00
Texas Instruments TI-83 Plus Silver Edition Graphing Calculator,"558,139.53 VND",0.0,2021-02-14 00:00:00
Texas Instruments TI-83 Plus Graphing Calculator TI83+ Good Condition,"697,441.86 VND",0.0,2021-02-14 00:00:00
Texas Instruments TI-83 Plus Graphing Calculator TI83+ Great Condition,"812,790.70 VND",0.0,2021-02-14 00:00:00
Texas Instruments Graphing Calculator TI-83 plus W/Cover Works! Free Shipp,"604,651.16 VND",0.0,2021-02-14 00:00:00
Texas Instruments TI-83 Plus Graphing Calculator - Tested Works Great,"674,186.05 VND",0.0,2021-02-14 00:00:00
Texas Instruments TI-83 Plus Graphing Calculator +Slide Cover Only,"597,674.42 VND",0.0,2021-02-14 00:00:00
(5)Texas Instruments TI-83Plus & TI-84 CE Graphing Calculators NEW/Unopened,"7,325,581.40 VND",0.0,2021-02-13 00:00:00
TEXAS INSTRUMENTS TI-83 PLUS GRAPHING CALCULATOR (BLACK) NEW SEALED,"1,395,116.28 VND",0.0,2021-02-13 00:00:00
Texas Instruments TI-83 Plus Graphing Calculator,"40,930.23 VND",0.0,2021-02-13 00:00:00
Texas Instruments TI-83 Plus Graphing Calculator,"267,441.86 VND",0.0,2021-02-13 00:00:00
Texas Instruments TI-83 Plus Graphing Calculator Tested Good Condition,"511,627.91 VND",0.0,2021-02-13 00:00:00
Texas Instruments TI-83 Plus Graphing Calculator,"420,786.51 VND",0.0,2021-02-13 00:00:00
Texas Instruments TI-83 Plus Graphing Calculator,"430,121.05 VND",0.0,2021-02-13 00:00:00
Texas Instruments TI-83 Plus Graphing Calculator with Cover Black TESTED WORKING,"581,162.79 VND",0.0,2021-02-13 00:00:00
TI-83 Plus Graphic Calculator with Sliding Cover Texas Instruments,"511,627.91 VND",0.0,2021-02-13 00:00:00
Texas Instruments TI-83 Plus Graphing Calculator Great Condition,"453,488.37 VND",0.0,2021-02-13 00:00:00
Texas Instruments TI-83 Plus Graphing Calculator  Great Condition,"476,744.19 VND",0.0,2021-02-13 00:00:00
Texas Instruments TI-83 Plus Graphing Calculator - Choose From Three Conditions!,"812,790.70 VND",0.0,2021-02-13 00:00:00
Texas Instruments TI-83 Plus Graphing Calculator,"1,162,558.14 VND",0.0,2021-02-13 00:00:00
Texas Instruments TI-83 Plus Graphing Calculator Brand New Sealed *FREE SHIP*,"1,511,627.91 VND",0.0,2021-02-13 00:00:00
TI-83 Plus Graphing Calculator Texas Instruments TI83+ Graphic,"696,511.63 VND",0.0,2021-02-13 00:00:00
Texas Instruments TI-83 Plus Graphing Calculator.  New in damaged Packaging.,"1,534,651.16 VND",0.0,2021-02-13 00:00:00
Texas Instruments TI-83 Plus Graphing Calculator TI83+ Great Condition,"464,883.72 VND",0.0,2021-02-13 00:00:00
6 Texas Instruments TI-83 Plus Graphing Calculators & 3 Others - PARTS & REPAIR,"696,511.63 VND",0.0,2021-02-13 00:00:00
Texas Instruments TI-83 Plus Graphing Calculator Tested Great Condition,"465,116.28 VND",0.0,2021-02-13 00:00:00
Texas Instruments TI-83 Plus Graphing Calculator,"465,116.28 VND",0.0,2021-02-13 00:00:00
Texas Instruments TI-83 Plus Graphing Calculator,"511,627.91 VND",0.0,2021-02-13 00:00:00
Texas Instruments TI-83 Plus Graphing Calculator FOR PARTS REPAIR (Lot Of 3),"581,162.79 VND",0.0,2021-02-13 00:00:00
Texas Instruments TI-83 Plus Graphing Calculator tested working,"457,575.58 VND",0.0,2021-02-13 00:00:00
TI-83 Graphic Calculator plus Sliding Cover Texas Instruments Graphing TI83,"593,023.26 VND",0.0,2021-02-13 00:00:00
Open Box Texas Instruments TI-83 Plus Graphing Calculator,"696,511.63 VND",0.0,2021-02-12 00:00:00
Texas Instruments TI-83 Plus Graphing Calculator W/Cover/TESTED AND WORKS ,"464,883.72 VND",0.0,2021-02-12 00:00:00
Texas Instruments Ti-83 Plus,"581,395.35 VND",0.0,2021-02-12 00:00:00
Texas Instruments TI-83 Plus Graphing Calculator,"23,255.81 VND",0.0,2021-02-12 00:00:00
TI 83 Plus Graphing Calculator WITH Cover,"534,651.16 VND",0.0,2021-02-12 00:00:00
TEXAS INSTRUMENTS TI-83 PLUS GRAPHING CALCULATOR ,"581,162.79 VND",0.0,2021-02-12 00:00:00
Texas Instruments TI-83 Plus Graphing Calculator NEW,"1,465,116.28 VND",0.0,2021-02-12 00:00:00
Texas Instruments TI-83 Plus Graphing Calculator w/ cover! Tested Works great!,"488,139.53 VND",0.0,2021-02-12 00:00:00
Texas Instruments TI-83 Plus Graphing Calculator Tested Great Condition ,"696,511.63 VND",0.0,2021-02-12 00:00:00
Texas Instruments TI-83 Plus Graphing Calculator Tested Good Condition,"697,441.86 VND",0.0,2021-02-12 00:00:00
Texas Instruments TI-83 Plus Graphing Calculator-NICE,"464,883.72 VND",0.0,2021-02-12 00:00:00
Texas Instruments TI-83 Plus Graphing Calculator,"551,162.79 VND",0.0,2021-02-12 00:00:00
Texas Instruments TI-83 Plus Graphing Calculator TESTED WORKS Black + Cover,"371,395.35 VND",0.0,2021-02-12 00:00:00
Texas Instruments TI-83 Plus Graphing Calculator Works No Slip Cover,"532,558.14 VND",0.0,2021-02-12 00:00:00
Texas Instruments TI-83 Plus Graphing Calculator Tested Great Condition,"627,906.98 VND",0.0,2021-02-12 00:00:00
Texas Instruments TI-83 Plus Graphing Calculator Works + Cover & FREE SHIPPING!,"430,232.56 VND",0.0,2021-02-12 00:00:00
Texas Instruments TI-83 Plus Graphing Calculator TESTED WORKING,"348,837.21 VND",0.0,2021-02-12 00:00:00
Texas Instruments TI-83 Plus Graphing Calculator,"267,441.86 VND",0.0,2021-02-12 00:00:00
Texas Instruments TI-83 Plus Graphing Calculator Tested Great Condition,"534,883.72 VND",0.0,2021-02-12 00:00:00
Texas Instruments TI-83 Plus Graphing Calculator,"1,767,209.30 VND",0.0,2021-02-12 00:00:00
Texas Instruments TI-83 Plus Graphing Calculator with Slide Cover Tested Working,"580,232.56 VND",0.0,2021-02-12 00:00:00
Texas Instruments TI-83 Plus Graphing Calculator,"1,418,372.09 VND",0.0,2021-02-12 00:00:00
Texas Instruments TI-83 Plus Silver Edition Graphing Calculator,"558,139.53 VND",0.0,2021-02-12 00:00:00
Texas Instruments TI-83 Plus Graphing Calculator Tested Great Condition,"532,558.14 VND",0.0,2021-02-12 00:00:00
Texas Instruments TI-83 Plus Graphing Calculator Graph Math Trig Calculus,"465,116.28 VND",0.0,2021-02-12 00:00:00
Texas Instruments TI-83 Plus Graphing Calculator(Missing Cover),"532,558.14 VND",0.0,2021-02-12 00:00:00
Texas Instruments TI-83 Plus Graphing Calculator Tested,"813,720.93 VND",0.0,2021-02-12 00:00:00
Texas Instruments TI-83 Plus Graphing Calculator with Slide Cover Tested Working,"697,441.86 VND",0.0,2021-02-12 00:00:00
Texas Instruments TI-83 Plus Graphing Calculator Tested Working Great Condition,"650,232.56 VND",0.0,2021-02-12 00:00:00
Texas Instruments TI-83 Plus Graphing Calculator w/ Protective Case New sealed,"1,627,674.42 VND",0.0,2021-02-12 00:00:00
Texas Instruments TI-83 Plus Graphing Calculator Brand New Sealed *FREE SHIP*,"1,534,651.16 VND",0.0,2021-02-12 00:00:00
Texas Instruments TI 83 Plus Graphing Calculators Brand New,"1,651,162.79 VND",0.0,2021-02-12 00:00:00
Graphical calculator | TI-83 Plus | Very Good,"563,651.16 VND",0.0,2021-02-12 00:00:00
Texas Instruments TI-83 Plus Graphic Calculator + Batteries,"436,829.65 VND",0.0,2021-02-12 00:00:00
CLEAN NO MARKS Texas Instruments TI-83 Plus Graphing Calculator $5 FLAT SHIPPING,"347,674.42 VND",0.0,2021-02-12 00:00:00
"Texas Instruments TI-83 Plus, Graphics Calculator No Cover","697,441.86 VND",0.0,2021-02-12 00:00:00
Texas Instruments TI-83 Plus Graphing Calculator & Slide Cover (Tested Working),"557,906.98 VND",0.0,2021-02-12 00:00:00
Texas Instruments TI-83 Plus - Used,"697,674.42 VND",0.0,2021-02-11 00:00:00
Texas Instruments TI-83 Plus Graphing Calculator with Slide Cover,"651,162.79 VND",0.0,2021-02-11 00:00:00
TEXAS INSTRUMENTS TI-83 PLUS- NO COVER,"464,883.72 VND",0.0,2021-02-11 00:00:00
Texas Instruments TI-83 Plus Graphing Calculator and Cover Works Perfect!,"697,441.86 VND",0.0,2021-02-11 00:00:00
Texas Instruments TI-83 Plus Graphing Calculator Black With Cover ,"418,372.09 VND",0.0,2021-02-11 00:00:00
Texas Instruments TI-83 Plus Graphing Calculator,"581,395.35 VND",0.0,2021-02-11 00:00:00
Texas Instruments TI-83 Plus Graphing Calculator TESTED - Fast Shipping - H31,"646,976.74 VND",0.0,2021-02-11 00:00:00
Texas Instruments 3 TI-83 Plus + TI-86 Graphing Calculators For Parts or Repair,"581,162.79 VND",0.0,2021-02-11 00:00:00
Texas Instruments TI-83 Plus Graphing Calculator Tested,"511,627.91 VND",0.0,2021-02-11 00:00:00
Texas Instruments TI-83 Plus Graphing Calculator Tested,"464,883.72 VND",0.0,2021-02-11 00:00:00
Texas Instruments TI-83 Plus Graphing Calculator,"546,279.07 VND",0.0,2021-02-11 00:00:00
Texas Instruments TI-83 Plus Graphing Calculator with Slide Cover Tested Working,"558,139.53 VND",0.0,2021-02-11 00:00:00
Texas Instruments TI-83 Plus Graphing Calculator Brand New Sealed *FREE SHIP*,"1,511,627.91 VND",0.0,2021-02-11 00:00:00
Texas Instruments TI-83 Plus Graphing Calculator,"462,790.70 VND",0.0,2021-02-11 00:00:00
Texas Instruments TI-83 Plus Graphing Calculator,"1,511,395.35 VND",0.0,2021-02-11 00:00:00
Texas Instruments TI-83 Plus Graphing Calculator Tested,"813,720.93 VND",0.0,2021-02-11 00:00:00
Texas Instruments TI-83 Plus Graphing Calculator,"581,162.79 VND",0.0,2021-02-11 00:00:00
Texas Instruments TI-83 Plus Graphing Calculator SAT ACT  - NEW,"1,674,418.60 VND",0.0,2021-02-11 00:00:00
Texas Instruments TI-83 Plus Graphing Calculator - Tested Works,"581,162.79 VND",0.0,2021-02-11 00:00:00
"Texas Instruments TI-83 Plus Graphing Calculator, tested, fully functional","720,930.23 VND",0.0,2021-02-11 00:00:00
Texas Instruments TI-83 Plus Graphing Calculator,"418,604.65 VND",0.0,2021-02-11 00:00:00
Texas Instruments TI-83 Plus Graphing Calculator Black,"511,627.91 VND",0.0,2021-02-11 00:00:00
Texas Instruments TI-83 Plus Graphing Calculator,"395,348.84 VND",0.0,2021-02-11 00:00:00
Texas Instruments TI-83 Plus graphing calculator *FULLY FUNCTIONAL* CLEAR ,"627,906.98 VND",0.0,2021-02-11 00:00:00
Texas Instruments TI-83 Plus Graphing Calculator Tested Great Condition,"790,465.12 VND",0.0,2021-02-11 00:00:00
Open Box Texas Instruments TI-83 Plus Graphing Calculator,"697,441.86 VND",0.0,2021-02-11 00:00:00
**New**Texas Instruments TI-83 Plus Graphing Calculator Sealed ,"1,627,441.86 VND",0.0,2021-02-11 00:00:00
Texas Instruments TI-83 Plus Graphing Scientific Calculator with Carrying Case,"465,116.28 VND",0.0,2021-02-11 00:00:00
Texas Instruments TI-83 Plus Graphing Calculator,"464,883.72 VND",0.0,2021-02-11 00:00:00
Texas Instruments TI-83 Plus Graphing Calculator - FACTORY SEALED FREE FAST SHIP,"1,463,953.49 VND",0.0,2021-02-11 00:00:00
GENUINE Texas Instruments TI-83 Plus Calculator in Case -TESTED - Excellent,"464,651.16 VND",0.0,2021-02-11 00:00:00
**New**Texas Instruments TI-83 Plus Graphing Calculator Sealed ,"1,625,116.28 VND",0.0,2021-02-11 00:00:00
Texas Instruments TI-83 Plus Graphing Calculator & Slide Cover (Tested Working),"581,162.79 VND",0.0,2021-02-11 00:00:00
Texas Instruments TI-83 Plus Graphing Calculator with Slide Cover Tested Working,"581,162.79 VND",0.0,2021-02-11 00:00:00
Texas Instruments TI-83 Plus Graphing Calculator,"627,674.42 VND",0.0,2021-02-11 00:00:00
Texas Instruments TI-83 Plus Graphing Calculator - Black - Fully Functional,"581,162.79 VND",0.0,2021-02-11 00:00:00
Texas Instruments TI-83 Plus Graphing Calculator - Black - Fully Functional,"813,720.93 VND",0.0,2021-02-11 00:00:00
Texas Instruments TI-83 Plus Graphing Calculator Tested Great Condition 1999,"651,162.79 VND",0.0,2021-02-11 00:00:00
Texas Instruments TI-83 Plus Graphing Calculator Tested Good Condition,"581,162.79 VND",0.0,2021-02-11 00:00:00
Texas Instruments TI-83 Plus Graphing Calculator with Cover (Tested & Working),"697,674.42 VND",0.0,2021-02-11 00:00:00
"Texas Instruments TI-83 Plus, graphing calculator with cover","697,674.42 VND",0.0,2021-02-11 00:00:00
TI 83 plus,88.84元,0.0,已售出  2021 年 2 月 16 日
Texas Instruments ti-83 Plus 图形计算器带保护壳和指令书,128.76元,0.0,已售出  2021 年 2 月 16 日
批量 2 Texas Instruments ti-83 和 ti-83 Plus 图形计算器未经测试,121.36元,0.0,已售出  2021 年 2 月 16 日
Texas Instruments ti-83 Plus 银装版图形计算器,61.16元,0.0,已售出  2021 年 2 月 16 日
新物品刊登,77.26元,0.0,已售出  2021 年 2 月 16 日
Texas Instruments ti-83 Plus 图形计算器,148.01元,0.0,已售出  2021 年 2 月 16 日
新物品刊登,128.76元,0.0,已售出  2021 年 2 月 16 日
Texas Instruments ti-83 plus,96.57元,0.0,已售出  2021 年 2 月 16 日
Texas Instruments ti-83 Plus 图形计算器带盖,128.70元,0.0,已售出  2021 年 2 月 16 日
Texas Instruments ti-83 plus 计算器,32.19元,0.0,已售出  2021 年 2 月 16 日
新物品刊登,144.85元,0.0,已售出  2021 年 2 月 16 日
新物品刊登,128.70元,0.0,已售出  2021 年 2 月 16 日
Texas Instruments ti-83 Plus 银装版图形计算器透明效果,54.66元,0.0,已售出  2021 年 2 月 15 日
Texas Instruments ti-83 Plus 图形计算器已测试正常工作,102.94元,0.0,已售出  2021 年 2 月 15 日
Texas Instruments ti-83 Plus 图形计算器 * * 二手 * * 状况良好 * *,6.37元,0.0,已售出  2021 年 2 月 15 日
Texas Instruments ti-83 Plus 图形计算器测试带盖,131.98元,0.0,已售出  2021 年 2 月 15 日
批量 6 德克萨斯仪器图形计算器 ti-83 plus 和更多的 W Bumper 保护壳,64.32元,0.0,已售出  2021 年 2 月 15 日
TI 83 Plus 图形计算器,64.38元,0.0,已售出  2021 年 2 月 15 日
Ti-83 Plus 银色版带保护套仅适合用作零件,6.37元,0.0,已售出  2021 年 2 月 15 日
Texas Instruments ti-83 Plus 图形计算器,64.32元,0.0,已售出  2021 年 2 月 15 日
 SCIENTIFIC  CALCULATOR's - TEXAS TI-83 - Casio FX-85GT PLUS - sharp EL-531X,89.07元,0.0,已售出  2021 年 2 月 15 日
Texas Instruments ti-83 Plus 图形计算器,11.33元,0.0,已售出  2021 年 2 月 14 日
Texas Instruments ti-83 Plus 图形计算器,74.04元,0.0,已售出  2021 年 2 月 14 日
Texas Instruments ti-83 Plus 图形计算器状况良好,125.54元,0.0,已售出  2021 年 2 月 14 日
Texas Instruments ti-83 Plus 图形计算器状况良好,131.98元,0.0,已售出  2021 年 2 月 14 日
Texas Instruments ti-83 Plus 图形计算器 ti83+ 状况完好,128.70元,0.0,已售出  2021 年 2 月 14 日
Texas Instruments ti-83 Plus 图形计算器,6.44元,0.0,已售出  2021 年 2 月 13 日
Texas Instruments ti-83 Plus 图形计算器-很 好,128.70元,0.0,已售出  2021 年 2 月 13 日
Texas Instruments ti-83 Plus 图形计算器作品 + 保护套 & amp; 免费送货 ！,119.10元,0.0,已售出  2021 年 2 月 13 日
Texas Instruments ti-83 Plus 图形计算器,74.04元,0.0,已售出  2021 年 2 月 13 日
Texas Instruments ti-83 Plus 图形计算器 Graph 数学 Trig 微积分,128.76元,0.0,已售出  2021 年 2 月 12 日
Texas Instruments TI-83 Plus graphischer Taschenrechner + Batterien,120.93元,0.0,已售出  2021 年 2 月 12 日
Texas Instruments ti-83 Plus 图形计算器,151.23元,0.0,已售出  2021 年 2 月 12 日
Texas Instruments ti-83 Plus 图形计算器测试,225.27元,0.0,���售出  2021 年 2 月 12 日
Texas Instruments ti-83 Plus 图形计算器 SAT Act-全新,463.54元,0.0,已售出  2021 年 2 月 12 日
Texas Instruments ti-83 Plus 图形计算器、测试、全功能,199.58元,0.0,已售出  2021 年 2 月 12 日
Texas Instruments ti-83 Plus 图形计算器,160.89元,0.0,已售出  2021 年 2 月 12 日
Texas Instruments ti-83 Plus 图形计算器,84.98元,0.0,已售出  2021 年 2 月 12 日
Texas Instruments ti-83 Plus 图形计算器,6.44元,0.0,已售出  2021 年 2 月 12 日
Texas Instruments ti-83 Plus 图形计算器使用,64.38元,0.0,已售出  2021 年 2 月 12 日
Ti-83 plus 带保护壳图形计算器黑色 Texas Instruments 工程,212.45元,0.0,已售出  2021 年 2 月 11 日
TI 83 plus 计算器,135.20元,0.0,已售出  2021 年 2 月 11 日
批量 5 Texas Instruments 计算器适合用作零件/维修,11.27元,0.0,已售出  2021 年 2 月 11 日
Texas Instruments ti-83 Plus 图形计算器和保护套完美!,89.49元,0.0,已售出  2021 年 2 月 11 日
Texas Instruments ti-83 Plus 图形计算器测试和转动上,67.60元,0.0,已售出  2021 年 2 月 11 日
Texas Instruments ti-83 Plus 图形计算器,84.98元,0.0,已售出  2021 年 2 月 11 日
全新带盒 Texas Instruments ti-83 Plus 图形计算器,360.53元,0.0,已售出  2021 年 2 月 11 日
Texas Instruments TI-83 Plus Graphing Calculator,53.20元,0.0,已售出  2021 年 2 月 11 日
Texas Instruments ti-83 Plus 银装版图形计算器,96.57元,0.0,已售出  2021 年 2 月 11 日
Ti-83 plus Texas Instruments 图形计算器-彻底 测试非常好,77.26元,0.0,已售出  2021 年 2 月 11 日
Texas Instruments ti-83 Plus 图形计算器,85.63元,0.0,已售出  2021 年 2 月 10 日
Texas Instruments ti-83 Plus 图形计算器,64.32元,0.0,已售出  2021 年 2 月 10 日
Texas Instruments TI-83 Plus Graphics Calculator Manual guidebook,26.66元,0.0,已售出  2021 年 2 月 10 日
Texas Instruments ti-83 Plus 银装版图形计算器,20.92元,0.0,已售出  2021 年 2 月 10 日
Texas Instruments ti-83 Plus 图形计算器,96.57元,0.0,已售出  2021 年 2 月 10 日
Texas Instruments ti-83 Plus 图形计算器测试工作条件,109.45元,0.0,已售出  2021 年 2 月 10 日
Texas Instruments ti-83 Plus 图形和科学计算器，有效 ！ 不保护套,57.88元,0.0,已售出  2021 年 2 月 10 日
Texas Instruments ti-83 Plus 图形计算器,67.60元,0.0,已售出  2021 年 2 月 10 日
Texas Instruments ti-83 Plus 图形计算器-未经 测试,80.47元,0.0,已售出  2021 年 2 月 10 日
Texas Instruments ti-83 Plus 图形计算器,148.07元,0.0,已售出  2021 年 2 月 10 日
Texas Instruments ti-83 Plus 图形计算器,160.95元,0.0,已售出  2021 年 2 月 10 日
Texas Instruments ti-89 和 ti-83 Plus 图形计算器 ti89 * 概不退换仅适合用作零件 *,128.76元,0.0,已售出  2021 年 2 月 10 日
Texas Instruments ti-83 Plus 银装版图形计算器工作,193.08元,0.0,已售出  2021 年 2 月 9 日
Texas Instruments ti-83 Plus 图形计算器,64.38元,0.0,已售出  2021 年 2 月 9 日
Texas Instruments ti-83 Plus 图形计算器,128.76元,0.0,已售出  2021 年 2 月 9 日
Texas Instruments ti-83 Plus 图形计算器,76.61元,0.0,已售出  2021 年 2 月 9 日
Texas Instruments TI -83 plus 可编程图形计算器，最新型号,386.21元,0.0,已售出  2021 年 2 月 9 日
"Texas Instruments TI-83 Plus GTR, schwarz, gebraucht",35.11元,0.0,已售出  2021 年 2 月 9 日
Texas Instruments ti-83 Plus 图形计算器,328.34元,0.0,已售出  2021 年 2 月 9 日
Texas Instruments ti-83 Plus 图形计算器,77.26元,0.0,已售出  2021 年 2 月 9 日
Texas Instruments ti-83 plus,160.89元,0.0,已售出  2021 年 2 月 9 日
TI 83 Plus 图形计算器,77.26元,0.0,已售出  2021 年 2 月 9 日
Texas Instruments ti-83 Plus 图形计算器,70.82元,0.0,已售出  2021 年 2 月 9 日
Texas Instruments ti-83 Plus 图形计算器,257.52元,0.0,已售出  2021 年 2 月 8 日
Texas Instruments ti-83 Plus 图形计算器,74.68元,0.0,已售出  2021 年 2 月 8 日
Texas Instruments ti-83 Plus 图形计算器,154.45元,0.0,已售出  2021 年 2 月 8 日
Texas Instruments ti-83 Plus 图形计算器,6.37元,0.0,已售出  2021 年 2 月 8 日
Texas Instruments ti-83 Plus 图形计算器,41.85元,0.0,已售出  2021 年 2 月 8 日
Texas Instruments ti-83 Plus 图形计算器用起来很好,44.74元,0.0,已售出  2021 年 2 月 8 日
Texas Instruments ti-83 Plus 银装版图形计算器,64.38元,0.0,已售出  2021 年 2 月 8 日
Texas Instruments ti-83 Plus 图形计算器,75.97元,0.0,已售出  2021 年 2 月 8 日
Ti-83 图形计算器 plus 滑动盖 Texas Instruments ti83 图形,61.16元,0.0,已售出  2021 年 2 月 8 日
Texas Instruments ti-83 Plus 图形计算器,173.83元,0.0,已售出  2021 年 2 月 8 日
Clear Blue Texas Instruments TI-83 Plus Graphic Scientific Calculator | Used,0.05元,0.0,已售出  2021 年 2 月 8 日
Ti-83 Plus 图形计算器 (2),128.70元,0.0,已售出  2021 年 2 月 8 日
Texas Instruments ti-83 plus 计算器带盖,128.76元,0.0,已售出  2021 年 2 月 8 日
Texas Instruments ti-83 Plus 图��计算器没有打开! 部分只。,6.70元,0.0,已售出  2021 年 2 月 7 日
Texas Instruments ti-83 Plus 图形计算器,75.32元,0.0,已售出  2021 年 2 月 7 日
Texas Instruments ti-83 Plus 图形计算器测试状况良好,151.23元,0.0,已售出  2021 年 2 月 7 日
Texas Instruments ti-83 Plus 图形计算器,392.72元,0.0,已售出  2021 年 2 月 7 日
Texas Instruments ti-83 Plus 银装版图形计算器手动很好用,167.39元,0.0,已售出  2021 年 2 月 7 日
Texas Instruments ti-83 Plus 图形计算器 (不包括电池),160.89元,0.0,已售出  2021 年 2 月 7 日
Texas Instruments TI-83 Plus - Used,141.62元,0.0,已售出  2021 年 2 月 7 日
Texas Instruments ti-83 Plus 图形计算器测试状况良好,186.64元,0.0,已售出  2021 年 2 月 7 日
TI 83 Plus 图形计算器-从未 使用过，但没有包装。,193.14元,0.0,已售出  2021 年 2 月 7 日
Texas Instruments ti-83 Plus 图形计算器 | 原包装 | READ DESC!,128.70元,0.0,已售出  2021 年 2 月 7 日
Texas Instruments ti-83 Plus 图形和科学计算器，有用 ！,93.35元,0.0,已售出  2021 年 2 月 7 日
Texas Instruments ti-83 Plus 图形和科学计算器，有用 ！,90.13元,0.0,已售出  2021 年 2 月 7 日
Texas Instruments ti-83 plus-二手,93.35元,0.0,已售出  2021 年 2 月 7 日
Texas Instruments ti-83 Plus 图形计算器,89.29元,0.0,已售出  2021 年 2 月 6 日
Texas Instruments ti-83 Plus 图形计算器,51.50元,0.0,已售出  2021 年 2 月 6 日
Texas Instruments ti-83 Plus 图形计算器测试状况良好,141.64元,0.0,已售出  2021 年 2 月 6 日
Texas Instruments ti-83 Plus 图形计算器测试带盖,160.95元,0.0,已售出  2021 年 2 月 6 日
Texas Instruments ti-83 Plus 图形计算器,148.07元,0.0,已售出  2021 年 2 月 6 日
Texas Instruments ti-83 Plus 图形计算器黑色,170.61元,0.0,已售出  2021 年 2 月 6 日
Texas Instruments ti-83 Plus 图形计算器,64.38元,0.0,已售出  2021 年 2 月 6 日
Texas Instruments ti-83 Plus 图形计算器,74.04元,0.0,已售出  2021 年 2 月 5 日
Texas Instruments ti-83 Plus 图形计算器,96.57元,0.0,已售出  2021 年 2 月 5 日
Texas Instruments ti-83 Plus 图形计算器已测试可用 ！,128.76元,0.0,已售出  2021 年 2 月 5 日
Texas Instruments ti-83 Plus 图形计算器,32.19元,0.0,已售出  2021 年 2 月 5 日
Ti-83 Plus 图形计算器 Texas Instruments ti83+,51.44元,0.0,已售出  2021 年 2 月 5 日
Texas Instruments ti-83 Plus 图形计算器,76.61元,0.0,已售出  2021 年 2 月 5 日
TI-83 Plus Graphischer Taschenrechner - Texas Instruments,28.24元,0.0,已售出  2021 年 2 月 5 日
Texas Instruments ti-83 Plus 图形计算器与操作手册-二手,93.35元,0.0,已售出  2021 年 2 月 5 日
一对 ti-83 Plus 图形计算器 Texas Instruments/W 盖已测试正常工作,193.14元,0.0,已售出  2021 年 2 月 5 日
Texas Instruments ti-83 Plus 图形计算器使用轻微磨损，电池,173.76元,0.0,已售出  2021 年 2 月 4 日
Texas Instruments ti-83 Plus 图形计算器,32.19元,0.0,已售出  2021 年 2 月 4 日
Texas Instruments ti-83 Plus 图形计算器,257.52元,0.0,已售出  2021 年 2 月 4 日
Texas Instruments ti-83 Plus 图形计算器测试状况良好,131.98元,0.0,已售出  2021 年 2 月 4 日
Texas Instruments ti-83 Plus 图形计算器用于动物慈善!,51.50元,0.0,已售出  2021 年 2 月 4 日
Texas Instruments ti-83 Plus 图形计算器,75.32元,0.0,已售出  2021 年 2 月 4 日
Texas Instruments ti-83 Plus 图形计算器很好用,141.31元,0.0,已售出  2021 年 2 月 3 日
Texas Instruments ti-83 Plus 图形计算器,96.57元,0.0,已售出  2021 年 2 月 3 日
TI 83 Plus 图形计算器,77.26元,0.0,已售出  2021 年 2 月 3 日
Texas Instruments ti-83 Plus 银装版图形计算器-状况良好 ！,96.57元,0.0,已售出  2021 年 2 月 3 日
Texas Instruments ti-83 Plus 图形计算器,70.82元,0.0,已售出  2021 年 2 月 3 日
Texas Instruments ti-83 Plus 图形计算器,75.97元,0.0,已售出  2021 年 2 月 3 日
Texas Instruments ti-83 Plus 银装版图形计算器-状况良好 ！,77.26元,0.0,已售出  2021 年 2 月 3 日
批量 Texas Instruments 计算器 4x ti-83 plus 和 ti-84 Plus 银色版部分,128.76元,0.0,已售出  2021 年 2 月 3 日
Texas Instruments ti-83 Plus 图形计算器带保护套-工作,32.19元,0.0,已售出  2021 年 2 月 3 日
Texas Instruments ti-83 Plus 银色版计算器带透明保护壳和 USB,57.94元,0.0,已售出  2021 年 2 月 3 日
Texas Instruments ti-83 Plus 图形计算器,84.98元,0.0,已售出  2021 年 2 月 3 日
Texas Instruments ti-83 Plus 银装版图形计算器使用,83.63元,0.0,已售出  2021 年 2 月 3 日
Texas Instruments ti-83 Plus 图形计算器,51.44元,0.0,已售出  2021 年 2 月 3 日
Texas instruments ti 83 Plus Calculator Blue Used,89.07元,0.0,已售出  2021 年 2 月 2 日
Texas Instruments ti-83 Plus 图形计算器 (1091),135.20元,0.0,已售出  2021 年 2 月 2 日
Texas Instruments ti-83 Plus 银装版图形计算器,90.07元,0.0,已售出  2021 年 2 月 2 日
Texas Instruments ti-83 Plus 图形计算器,93.35元,0.0,已售出  2021 年 2 月 2 日
Texas Instruments ti-83 Plus 图形计算器-灰色 测试新电池,77.26元,0.0,已售出  2021 年 2 月 2 日
TI 83 Plus 图形计算器 Texas Instruments,193.14元,0.0,已售出  2021 年 2 月 2 日
Texas Instruments ti-83 Plus 图形计算器,128.70元,0.0,已售出  2021 年 2 月 2 日
Texas Instruments ti-83 Plus 图形计算器,85.63元,0.0,已售出  2021 年 2 月 2 日
Texas Instruments ti-83 Plus 图形计算器,193.14元,0.0,已售出  2021 年 2 月 2 日
Texas Instruments ti-83 Plus 图形计算器使用 (没有保护套),70.82元,0.0,已售出  2021 年 2 月 2 日
Texas Instruments ti-83 Plus 图形计算器黑色测试和有效 ！,57.94元,0.0,已售出  2021 年 2 月 2 日
Texas Instruments ti-83 Plus 图形计算器,76.61元,0.0,已售出  2021 年 2 月 2 日
大量 ti-89 和 ti-83 plus 计算器都工作,225.33元,0.0,已售出  2021 年 2 月 2 日
Texas Instruments ti-83 Plus 图形计算器 ti83 +,128.70元,0.0,已售出  2021 年 2 月 2 日
Texas Instruments ti-83 Plus 图形计算器测试状况良好,128.70元,0.0,已售出  2021 年 2 月 1 日
Texas Instruments ti-83 Plus 图形计算器与大量使用计算器,99.79元,0.0,已售出  2021 年 2 月 1 日
德克萨斯仪器 ti-83 Plus 图形计算器带硬质保护套和新电池,83.37元,0.0,已售出  2021 年 2 月 1 日
Ti-83 plus + 图形计算器滑动盖 Texas Instruments ti83 plus 很好,72.11元,0.0,已售出  2021 年 2 月 1 日
Texas Instruments ti-83 Plus 图形计算器,125.61元,0.0,已售出  2021 年 2 月 1 日
TI 83 Plus 图形计算器,424.91元,0.0,已售出  2021 年 2 月 1 日
Texas Instruments ti-83 Plus 图形计算器,74.68元,0.0,已售出  2021 年 2 月 1 日
Texas Instruments ti-83 Plus 图形计算器带盖,61.80元,0.0,已售出  2021 年 2 月 1 日
Texas Instruments ti-83 Plus 图形计算器,96.57元,0.0,已售出  2021 年 2 月 1 日
Texas Instruments ti-83 Plus 图形计算器带说明书,76.61元,0.0,已售出  2021 年 2 月 1 日
Texas Instruments ti-83 Plus 图形计算器,75.97元,0.0,已售出  2021 年 2 月 1 日
Texas Instruments ti-83 Plus 图形计算器,67.60元,0.0,已售出  2021 年 2 月 1 日
Texas Instruments ti-83 Plus 图���计算器 (使用),64.38元,0.0,已售出  2021 年 2 月 1 日
Texas Instruments ti-83 Plus 图形计算器带保护套 ！ 仅零件有缺陷,6.70元,0.0,已售出  2021 年 1 月 31 日
Texas Instruments ti-83 Plus 图形计算器与书-全新 带包装,225.27元,0.0,已售出  2021 年 1 月 31 日
Texas Instruments TI-83 Plus Graphic Calculator,258.55元,0.0,已售出  2021 年 1 月 31 日
Texas Instruments ti-83 Plus 图形计算器测试-作品!,128.70元,0.0,已售出  2021 年 1 月 30 日
Texas Instruments ti-83 Plus 银装版图形计算器,99.79元,0.0,已售出  2021 年 1 月 30 日
2 Texas Instruments ti-83 Plus 图形计算器 1 套二手,27.36元,0.0,已售出  2021 年 1 月 30 日
Texas Instruments ti-83 Plus 图形计算器带盖测试和很好用,94.32元,0.0,已售出  2021 年 1 月 30 日
Texas Instruments ti-83 plus 计算器,70.75元,0.0,已售出  2021 年 1 月 30 日
Texas Instruments ti-83 Plus 图形计算器 1999 黑色保护套 (JBC,96.57元,0.0,已售出  2021 年 1 月 30 日
Texas Instruments ti-83 Plus 图形计算器,64.32元,0.0,已售出  2021 年 1 月 30 日
Texas Instruments ti-83 Plus 图形计算器,106.87元,0.0,已售出  2021 年 1 月 30 日
Texas Instruments ti-83 Plus 图形计算器,141.64元,0.0,已售出  2021 年 1 月 29 日
Texas Instruments ti-83 Plus 图形计算器与滑动盖已测试正常工作,128.70元,0.0,已售出  2021 年 1 月 29 日
Texas Instruments ti-83 Plus 图形计算器黑色,128.70元,0.0,已售出  2021 年 1 月 29 日
Texas Instruments ti-83 Plus 图形计算器 (黑色) 免运费 ！ ！ ！ ！,354.03元,0.0,已售出  2021 年 1 月 29 日
Texas Instruments ti-83 Plus 图形计算器,80.47元,0.0,已售出  2021 年 1 月 29 日
Texas Instruments ti-83 Plus 图形计算器 * 不工作 * 仅适合用作零件,6.37元,0.0,已售出  2021 年 1 月 29 日
Texas Instruments TI-83 Plus Graphing Calculator,39.92元,0.0,已售出  2021 年 1 月 28 日
DOA Texas Instruments ti-83 Plus 图形计算器-仅 适合用作零件-船 1st class,0.06元,0.0,已售出  2021 年 1 月 28 日
Texas Instruments ti-83 Plus 图形计算器黑色,64.32元,0.0,已售出  2021 年 1 月 28 日
Texas Instruments ti-83 Plus 图形计算器没有保护套,8.05元,0.0,已售出  2021 年 1 月 28 日
Ti-83 Plus 图形计算器。 半透明的蓝色闪光版。,96.57元,0.0,已售出  2021 年 1 月 28 日
Texas Instruments ti-83 Plus 图形计算器,76.61元,0.0,已售出  2021 年 1 月 28 日
Texas Instruments ti-83 Plus 图形计算器 ti83+,51.44元,0.0,已售出  2021 年 1 月 28 日
Texas Instruments ti-83 Plus 图形计算器,80.47元,0.0,已售出  2021 年 1 月 28 日
Ti-83 Plus 图形计算器 Texas Instruments ti83+,38.56元,0.0,已售出  2021 年 1 月 28 日
Texas Instruments ti-83 Plus 图形计算器测试状况良好,76.61元,0.0,已售出  2021 年 1 月 28 日
Ti-83 图形计算器 plus 滑动盖 Texas Instruments ti83 图形,99.47元,0.0,已售出  2021 年 1 月 27 日
Texas Instruments ti-83 Plus 图形计算器,67.60元,0.0,已售出  2021 年 1 月 27 日
图形计算器 ti-83 plus Texas Instruments ti83+,45.00元,0.0,已售出  2021 年 1 月 27 日
Ti-83 Plus 图形计算器 Texas Instruments ti83+,61.10元,0.0,已售出  2021 年 1 月 27 日
Texas Instruments ti-83 Plus 图形计算器测试 (工程),80.47元,0.0,已售出  2021 年 1 月 27 日
图形计算器 ti83+ Texas Instruments ti-83 plus,70.82元,0.0,已售出  2021 年 1 月 27 日
Texas Instruments ti-83 Plus 图形计算器,86.91元,0.0,已售出  2021 年 1 月 27 日
