sale_condition,groupA,groupB,groupC,title,price,date
Auction,calculator,Cameras,Nikon D7200,Nikon D7200 Body (AUTO FOCUS Does Not Work-Read Details) + Charger + Battery,282.0,2020-09-30
Auction,calculator,Cameras,Nikon D7200,Nikon D7200 24.2 MP DSLR Body Only,486.0,2020-10-01
Auction,calculator,Cameras,Nikon D7200,Nikon D7200 24.2 MP Digital SLR Camera shutter count 2111¬†,475.0,2020-10-01
Auction,calculator,Cameras,Nikon D7200,Nikon D7200 24.1MP Tamron 18-200mm F/3.5 YN568EXIII | Wedding Photography Bundle,740.0,2020-10-02
Auction,calculator,Cameras,Nikon D7200,Nikon D7200 DX-format DSLR Camera [Body Only] [2620 Shutter Count],550.0,2020-10-03
Auction,calculator,Cameras,Nikon D7200,"Nikon D7200 Camera (body only) - Used, Excellent Condition",525.0,2020-10-03
Auction,calculator,Cameras,Nikon D7200,Nikon D7200 DSLR Camera with Nikkor 18-140mm f/3.5-5.6 G AF Lens Travel Kit!,760.0,2020-10-03
Auction,calculator,Cameras,Nikon D7200,Nikon D7200 24.2MP Digital SLR Camera Bundle with 2 Lens and Carrying Case,930.0,2020-10-04
Auction,calculator,Cameras,Nikon D7200,"Nikon D7200 camera, body only",532.99,2020-10-05
Auction,calculator,Cameras,Nikon D7200,Nikon D7200 ,1750.0,2020-10-06
Auction,calculator,Cameras,Nikon D7200,Nikon D7200 24.2 MP Digital SLR Camera - Kit Nikon Nikkor 16-80mm VR DX,532.22,2020-10-06
Auction,calculator,Cameras,Nikon D7200,Nikon D7200 Body (AUTO FOCUS Does Not Work-Read Details) + Charger + Battery,275.08,2020-10-07
Auction,calculator,Cameras,Nikon D7200,Nikon D7200 24.2 MP Digital Camera (Body Only) & Battery Grip MB-D15 - Pristine,690.0,2020-10-07
Auction,calculator,Cameras,Nikon D7200,Nikon D7200 24.2 MP DSLR Body And Accessories. Shutter Count 20580.,466.0,2020-10-07
Auction,calculator,Cameras,Nikon D7200,Nikon d7200 body only,635.0,2020-10-08
Auction,calculator,Cameras,Nikon D7200,Nikon D7200 24.2 MP Digital SLR Camera (Body Only) with bag and 32gb card,500.0,2020-10-09
Auction,calculator,Cameras,Nikon D7200,Nikon D7200 24.2 MP Digital SLR Camera - Black (Body & Grip),585.0,2020-10-10
Auction,calculator,Cameras,Nikon D7200,Nikon D7200 body only,450.0,2020-10-10
Auction,calculator,Cameras,Nikon D7200,Nikon D7200 24.2 MP Digital SLR Camera W/ AF-S Nikkor 50mm 1:1.8 G 32GB Black  ,495.0,2020-10-11
Auction,calculator,Cameras,Nikon D7200,"Nikon D7200 24.2 MP Camera, MB-D15 Battery Pack, 2 Batteries, Charger, & Manual",511.5,2020-10-11
Auction,calculator,Cameras,Nikon D7200,Nikon D7200 24.2 MP Digital SLR Camera - Black (Body Only) with carrying case,409.0,2020-10-12
Auction,calculator,Cameras,Nikon D7200,MINT BOXED USA NIKON D7200 24.2 MP DIGITAL SLR CAMERA WITH CASE & MEMORY CARDS¬†,703.0,2020-10-12
Auction,calculator,Cameras,Nikon D7200,Nikon D7200 Digital SLR Camera (Body only) - UD,456.0,2020-10-15
Auction,calculator,Cameras,Nikon D7200,Nikon D7200 24.2 MP Digital SLR Camera - Black (Body only) - VG,449.69,2020-10-16
Auction,calculator,Cameras,Nikon D7200,Nikon D7200 24.1MP Tamron 18-200mm F/3.5 YN568EXIII | Wedding Photography Bundle,1009.99,2020-10-16
Auction,calculator,Cameras,Nikon D7200,Nikon D7200 24.1MP Tamron 18-200mm F/3.5 YN568EXIII | Wedding Photography Bundle,1048.14,2020-10-16
Auction,calculator,Cameras,Nikon D7200,Nikon D7200 Body 8876 Shutter count + MANY EXTRAS see descr.,600.0,2020-10-17
Auction,calculator,Cameras,Nikon D7200,Nikon D7200 24.2MP Digital SLR Camera - Black with Zoom Lens and Accessories,900.82,2020-10-17
Auction,calculator,Cameras,Nikon D7200,Nikon D7200 24.2MP Digital SLR Camera - Black with Zoom Lens and Accessories,910.74,2020-10-17
Auction,calculator,Cameras,Nikon D7200,Nikon d7200 Nikkor 18-140mm shutter count 2673,848.99,2020-10-18
Auction,calculator,Cameras,Nikon D7200,Nikon D7200 24.2 MP Digital SLR Camera - Black (Body only) - VG,500.0,2020-10-19
Auction,calculator,Cameras,Nikon D7200,NIKON  D7200 DSLR Camera,850.0,2020-10-19
Auction,calculator,Cameras,Nikon D7200,NIKON  D7200 DSLR Camera,880.0,2020-10-19
Auction,calculator,Cameras,Nikon D7200,Nikon D7200 Digital SLR Camera (Body only) - UD,480.0,2020-10-21
Auction,calculator,Cameras,Nikon D7200,Nikon D7200 24.2 MP Digital SLR Camera - Black (Body Only),495.0,2020-10-22
Auction,calculator,Cameras,Nikon D7200,Nikon D7200 24.2 MP Digital SLR Camera - Black (Body Only),506.75,2020-10-22
Auction,calculator,Cameras,Nikon D7200,Nikon D7200 24.2 MP Digital SLR Camera - Black (Body only) - VG,485.0,2020-10-23
Auction,calculator,Cameras,Nikon D7200,Nikon D7200 Digital SLR Camera + Sigma DC 17-50 f/2.8,610.0,2020-10-23
Auction,calculator,Cameras,Nikon D7200,Nikon D7200 Digital SLR Camera(Body Only). Original box w/ battery and charger.¬†,625.0,2020-10-23
Auction,calculator,Cameras,Nikon D7200,Nikon D7200 Digital SLR Camera + Sigma DC 17-50 f/2.8,621.75,2020-10-23
Auction,calculator,Cameras,Nikon D7200,Nikon D7200 Digital SLR Camera(Body Only). Original box w/ battery and charger.¬†,636.75,2020-10-23
Auction,calculator,Cameras,Nikon D7200,Nikon D7200 24.2 MP Digital SLR Camera - Black (Body Only),610.0,2020-10-25
Auction,calculator,Cameras,Nikon D7200,"Mint Nikon D7200 24.2 MP DSLR Camera - (Body Only) + Extras; 5,205 Shutter Count",711.0,2020-10-25
Auction,calculator,Cameras,Nikon D7200,Nikon D7200 24.1MP Digital SLR Camera (Body Only) EXCELLENT+ condition,486.0,2020-10-25
Auction,calculator,Cameras,Nikon D7200,Nikon D7200 24.2 MP Digital SLR Camera - Black (Body Only),629.5,2020-10-25
Auction,calculator,Cameras,Nikon D7200,Nikon D7200 24.1MP Digital SLR Camera (Body Only) EXCELLENT+ condition,506.0,2020-10-25
Auction,calculator,Cameras,Nikon D7200,Nikon D7200 24.2 MP Digital SLR Camera - Black  Body and accessories low SC 7371,571.55,2020-10-25
Auction,calculator,Cameras,Nikon D7200,"Nikon D7200 Digital SLR Camera + Nikon 16-80mm 1.2.8-4E lens, low shutter count",875.0,2020-10-27
Auction,calculator,Cameras,Nikon D7200,"Nikon D7200 Digital SLR Camera + Nikon 16-80mm 1.2.8-4E lens, low shutter count",903.0,2020-10-27
Auction,calculator,Cameras,Nikon D7200,Nikon D7200 24.2 MP Digital Camera & Nikon Lens 10-20mm f4.5-5.6 - Clean,592.74,2020-10-28
Auction,calculator,Cameras,Nikon D7200,nikon d7200 dslr camera with 5 Nikkor Lenses,1200.0,2020-10-28
Auction,calculator,Cameras,Nikon D7200,Nikon D7200  24.2 MP Digital SLR Camera w/Nikon 18-200mmVR and 35m,614.0,2020-10-28
Auction,calculator,Cameras,Nikon D7200,Nikon D7200 24.2 MP Digital Camera & Nikon Lens 10-20mm f4.5-5.6 - Clean,614.69,2020-10-28
Auction,calculator,Cameras,Nikon D7200,Nikon D7200  24.2 MP Digital SLR Camera w/Nikon 18-200mmVR and 35m,622.7,2020-10-28
Auction,calculator,Cameras,Nikon D7200,Nikon D7200 Body With Three lenses And Nikon Camera Bag,700.0,2020-10-29
Auction,calculator,Cameras,Nikon D7200,Nikon D7200 Body With Three lenses And Nikon Camera Bag,721.85,2020-10-29
Auction,calculator,Cameras,Nikon D7200,Nikon D7200 24.2 MP Digital SLR Camera - Black (Body Only),400.0,2020-10-30
Auction,calculator,Cameras,Nikon D7200,Nikon D7200 24.2 MP Digital SLR Camera -  Shutter count 16887,485.0,2020-10-30
Auction,calculator,Cameras,Nikon D7200,"Nikon D7200 24.2 MP DSLR Camera - (Body Only) less than 5,600 actuation",610.0,2020-10-30
Auction,calculator,Cameras,Nikon D7200,Nikon D7200 24.2 MP Digital SLR Camera - Black (Body Only),415.0,2020-10-30
Auction,calculator,Cameras,Nikon D7200,Nikon D7200 24.2 MP Digital SLR Camera - Black - (Shutter Counts.35252),435.33,2020-10-31
Auction,calculator,Cameras,Nikon D7200,NIKON D7200 DSLR combo with 40mm f/2.8 lens & RG Ruggard camera case,560.0,2020-10-31
Auction,calculator,Cameras,Nikon D7200,Nikon D7200 24.2 MP Digital SLR Camera - Black - (Shutter Counts.35252),458.48,2020-10-31
Auction,calculator,Cameras,Nikon D7200,Nikon D7200 + Lenses + Carry Bag LOT Good Condition,927.0,2020-11-02
Auction,calculator,Cameras,Nikon D7200,Nikon D7200 + Lenses + Carry Bag LOT Good Condition,865.69,2020-11-02
Auction,calculator,Cameras,Nikon D7200,Nikon D7200 Digital SLR Camera ,530.0,2020-11-03
Auction,calculator,Cameras,Nikon D7200,Nikon D7200 Digital SLR Camera ,547.25,2020-11-03
Auction,calculator,Cameras,Nikon D7200,Nikon D7200 Crop Frame Camera with Nikon 24-70mm f2.8 ED Lens,999.0,2020-11-06
Auction,calculator,Cameras,Nikon D7200,Nikon D7200 Crop Frame Camera with Nikon 24-70mm f2.8 ED Lens,1017.95,2020-11-06
Auction,calculator,Cameras,Nikon D7200,Nikon D7200 24.2 MP Digital SLR Camera - Black - (Shutter Counts.35252),361.0,2020-11-07
Auction,calculator,Cameras,Nikon D7200,Nikon D7200 (body only) Shutter Count 3189 +extras,437.0,2020-11-07
Auction,calculator,Cameras,Nikon D7200,Nikon D7200 24.2 MP Digital SLR Camera - Black - (Shutter Counts.35252),384.15,2020-11-07
Auction,calculator,Cameras,Nikon D7200,Nikon D7200 (body only) Shutter Count 3189 +extras,450.25,2020-11-07
Auction,calculator,Cameras,Nikon D7200,Nikon D7200 24.2 MP Digital SLR Camera - Black (Body Only),380.0,2020-11-08
Auction,calculator,Cameras,Nikon D7200,Nikon D7200 24.2 MP Digital SLR Camera - Black (Body Only),391.75,2020-11-08
Auction,calculator,Cameras,Nikon D7200,Nikon D7200 Body shutter count 9750 shots with¬†Nikon 50mm 1.8G Lens,532.32,2020-11-09
Auction,calculator,Cameras,Nikon D7200,NIKON D7200 DSLR CAMERA WITH 50MM LENS | 1554 | 24.2MP | BLACK,489.67,2020-11-09
Auction,calculator,Cameras,Nikon D7200,Nikon D7200 24.2 MP Digital SLR Camera - Black (Body Only),450.0,2020-11-10
Auction,calculator,Cameras,Nikon D7200,Nikon D7200 24.2 MP DSLR Camera - Great Condition! US Model 612 Shutter Clicks,550.0,2020-11-10
Auction,calculator,Cameras,Nikon D7200,Nikon D7200 Digital Camera Body,443.05,2020-11-10
Auction,calculator,Cameras,Nikon D7200,Nikon D7200 24.2 MP Digital SLR Camera - Black (Body Only),463.65,2020-11-10
Auction,calculator,Cameras,Nikon D7200,Nikon D7200 24.2 MP Digital SLR Camera - Black With 18-200 Nikon Lens,675.0,2020-11-11
Auction,calculator,Cameras,Nikon D7200,"Nikon D7200 DSLR Camera (Less than 1,400 clicks) with 105mm, 50mm, 35mm lenses",1056.0,2020-11-11
Auction,calculator,Cameras,Nikon D7200,Nikon D7200 24.2 MP Digital SLR Camera - Black With 18-200 Nikon Lens,695.0,2020-11-11
Auction,calculator,Cameras,Nikon D7200,Nikon D7200 ,1750.0,2020-11-14
Auction,calculator,Cameras,Nikon D7200,Nikon D7200 ,1780.0,2020-11-14
Auction,calculator,Cameras,Nikon D7200,Nikon D7200,440.0,2020-11-15
Auction,calculator,Cameras,Nikon D7200,Nikon D7200,615.0,2020-11-15
Auction,calculator,Cameras,Nikon D7200,"Nikon D7200 24.2 MP Digital SLR Camera Body Only - Shutter count: 29,995",477.0,2020-11-15
Auction,calculator,Cameras,Nikon D7200,Nikon D7200,443.95,2020-11-15
Auction,calculator,Cameras,Nikon D7200,Nikon D7200,618.9,2020-11-15
Auction,calculator,Cameras,Nikon D7200,"Nikon D7200 24.2 MP Digital SLR Camera Body Only - Shutter count: 29,995",487.0,2020-11-15
Auction,calculator,Cameras,Nikon D7200,Nikon D7200 24.2 MP Digital SLR Camera - With Accessories,950.0,2020-11-17
Auction,calculator,Cameras,Nikon D7200,Nikon D7200 24.2 MP Digital SLR Camera - With Accessories,987.35,2020-11-17
Auction,calculator,Cameras,Nikon D7200,Nikon D7200 with Nikon 24-70mm f2.8 ED Lens,979.0,2020-11-19
Auction,calculator,Cameras,Nikon D7200,Nikon D7200 with Nikon 24-70mm f2.8 ED Lens,997.95,2020-11-19
Auction,calculator,Cameras,Nikon D7200,"Nikon D7200 DSLR 7,368 Shutter Count Excellent Condition Plus Battery & Charger",587.81,2020-11-20
Auction,calculator,Cameras,Nikon D7200,"Nikon D7200 DSLR 7,368 Shutter Count Excellent Condition Plus Battery & Charger",601.46,2020-11-20
Auction,calculator,Cameras,Nikon D7200,Nikon D7200 24.2 MP Digital SLR Camera - Nikkor 18-55mm 3.5-5.6,530.8,2020-11-21
Auction,calculator,Cameras,Nikon D7200,Nikon D7200 24.2 MP Digital SLR Camera - Nikkor 18-55mm 3.5-5.6,472.83,2020-11-21
Auction,calculator,Cameras,Nikon D7200,Nikon D7200 24.2 MP Digital SLR Camera - Nikkor 18-55mm 3.5-5.6,484.32,2020-11-21
Auction,calculator,Cameras,Nikon D7200,Nikon D7200 24.2 MP Digital SLR Camera - Black (Body Only),550.0,2020-11-22
Auction,calculator,Cameras,Nikon D7200,Nikon D7200 24.2 MP Digital SLR Camera - Black (Body Only),565.05,2020-11-22
Auction,calculator,Cameras,Nikon D7200,Nikon D7200 24.2 MP Digital SLR Camera - Black (Kit with AF-P DX NIKKOR...,622.99,2020-11-23
Auction,calculator,Cameras,Nikon D7200,Nikon D7200 24.2 MP Digital SLR Camera +  55-300mm Lens ,668.0,2020-11-23
Auction,calculator,Cameras,Nikon D7200,NIKON D7200 24.2MP BLACK BODY SHUTTER COUNT 17056 EXCELLENT+ FREE SHIP IF,533.5,2020-11-23
Auction,calculator,Cameras,Nikon D7200,Nikon D7200 24.2 MP Digital SLR Camera - Black (Kit with AF-P DX NIKKOR...,652.19,2020-11-23
Auction,calculator,Cameras,Nikon D7200,Nikon D7200 24.2 MP Digital SLR Camera +  55-300mm Lens ,631.95,2020-11-23
Auction,calculator,Cameras,Nikon D7200,Nikon D7200 24.2 MP Digital SLR Camera +  55-300mm Lens ,654.0,2020-11-23
Auction,calculator,Cameras,Nikon D7200,"Nikon D7200 , does have a stuck shutter , everything else works.¬†",1009.99,2020-11-24
Auction,calculator,Cameras,Nikon D7200,"Nikon D7200 , does have a stuck shutter , everything else works.¬†",1024.89,2020-11-24
Auction,calculator,Cameras,Nikon D7200,Nikon D7200 24.1MP Digital SLR Camera (Body Only) - 12K Shutter Count!,486.0,2020-11-25
Auction,calculator,Cameras,Nikon D7200,"Great Deal! NIKON D7200 DIGITAL CAMERA W/ 18-55mm 13,750 Shutter Count!",460.0,2020-11-25
Auction,calculator,Cameras,Nikon D7200,Nikon D7200 24.2 MP Digital SLR Camera - Black (Body Only),587.0,2020-11-25
Auction,calculator,Cameras,Nikon D7200,Nikon D7200 24.1MP Digital SLR Camera (Body Only) - 12K Shutter Count!,506.0,2020-11-25
Auction,calculator,Cameras,Nikon D7200,"Great Deal! NIKON D7200 DIGITAL CAMERA W/ 18-55mm 13,750 Shutter Count!",475.05,2020-11-25
Auction,calculator,Cameras,Nikon D7200,Nikon D7200 24.2 MP Digital SLR Camera - Black (Body Only),600.65,2020-11-25
Auction,calculator,Cameras,Nikon D7200,Nikon D7200 DSLR Digital SLR Camera with 18-140mm Lens and 35mm Lens - Black,693.0,2020-11-26
Auction,calculator,Cameras,Nikon D7200,Nikon D7200 DSLR Digital SLR Camera with 18-140mm Lens and 35mm Lens - Black,640.2,2020-11-26
Auction,calculator,Cameras,Nikon D7200,Nikon D7200 DSLR Digital SLR Camera with 18-140mm Lens and 35mm Lens - Black,677.0,2020-11-26
Auction,calculator,Cameras,Nikon D7200,Nikon D7200 24.2 MP Digital SLR Camera w/ 70-300mm & 18-55mm Lenses and Case,720.0,2020-11-27
Auction,calculator,Cameras,Nikon D7200,Nikon D7200 24.2 MP Digital SLR Camera w/ 70-300mm & 18-55mm Lenses and Case,738.95,2020-11-27
Auction,calculator,Cameras,Nikon D7200,Nikon D7200 24.2 MP Digital SLR Camera - Black (Body Only) with accessory bundle,416.0,2020-11-28
Auction,calculator,Cameras,Nikon D7200,nikon d7200 camera and 18-140mm Lens With Free Accessory,575.0,2020-11-28
Auction,calculator,Cameras,Nikon D7200,nikon d7200 camera and 18-140mm Lens With Free Accessory,590.0,2020-11-28
Auction,calculator,Cameras,Nikon D7200,Nikon D7200 24.2 MP Digital SLR Camera - Black,625.0,2020-11-29
Auction,calculator,Cameras,Nikon D7200,Nikon D7200 24.2 MP Digital SLR Camera - Black (Body Only),621.0,2020-11-29
Auction,calculator,Cameras,Nikon D7200,Nikon D7200 Digital SLR Camera Black Body USA Model - with extra battery,470.0,2020-11-29
Auction,calculator,Cameras,Nikon D7200,"Nikon D7200 with MB-D15 Battery Grip in Excellent Condition, Shutter Count 2369",563.0,2020-11-29
Auction,calculator,Cameras,Nikon D7200,"Nikon D7200 24.1MP Digital SLR, MB-D15 Battery Grip, --1674 SHUTTER COUNT--Clean",560.0,2020-11-29
Auction,calculator,Cameras,Nikon D7200,Nikon D7200 24.2 MP Digital SLR Camera - Black (Body Only),631.9,2020-11-29
Auction,calculator,Cameras,Nikon D7200,Nikon D7200 Digital SLR Camera Black Body USA Model - with extra battery,484.9,2020-11-29
Auction,calculator,Cameras,Nikon D7200,"Nikon D7200 with MB-D15 Battery Grip in Excellent Condition, Shutter Count 2369",592.2,2020-11-29
Auction,calculator,Cameras,Nikon D7200,"Nikon D7200 24.1MP Digital SLR, MB-D15 Battery Grip, --1674 SHUTTER COUNT--Clean",583.15,2020-11-29
Auction,calculator,Cameras,Nikon D7200,Nikon D7200 24.2 MP Digital SLR Camera - Black (Body Only),510.0,2020-12-02
Auction,calculator,Cameras,Nikon D7200,Nikon D7200 24.2 MP Digital SLR Camera - Black (Body Only),523.65,2020-12-02
Auction,calculator,Cameras,Nikon D7200,Nikon D7200 24 MP Digital SLR Camera + Nikon 18-200 f3.5-5.6G ED VR AF-S DX Lens,600.01,2020-12-04
Auction,calculator,Cameras,Nikon D7200,Nikon D7200 24.2 MP Digital SLR Camera - Black + MD15 Battery Grip,524.56,2020-12-04
Auction,calculator,Cameras,Nikon D7200,Nikon D7200 24 MP Digital SLR Camera + Nikon 18-200 f3.5-5.6G ED VR AF-S DX Lens,626.71,2020-12-04
Auction,calculator,Cameras,Nikon D7200,Nikon D7200 24.2 MP Digital SLR Camera - Black + MD15 Battery Grip,543.76,2020-12-04
Auction,calculator,Cameras,Nikon D7200,Nikon D7200 24.2 MP Digital SLR Camera - Black + MD15 Battery Grip,528.46,2020-12-04
Auction,calculator,Cameras,Nikon D7200,Nikon D7200 24.2 MP Digital SLR Camera - Black (Body Only),510.0,2020-12-05
Auction,calculator,Cameras,Nikon D7200,Nikon D7200 24.2 MP Digital SLR Camera - Black (Body Only),526.0,2020-12-05
Auction,calculator,Cameras,Nikon D7200,"Nikon D7200 24.2 MP Digital SLR Camera - Lenses,Batteries and Bag Included.",701.01,2020-12-06
Auction,calculator,Cameras,Nikon D7200,Nikon D7200 DSLR 11212 Shutter Count Excellent Condition Plus Battery & Charger,475.0,2020-12-06
Auction,calculator,Cameras,Nikon D7200,nikon d7200 camera Kit with18-140mm Lens and Sigma 17-50mm Lens.,760.0,2020-12-06
Auction,calculator,Cameras,Nikon D7200,Nikon d7200 w/ Lense ,550.0,2020-12-06
Auction,calculator,Cameras,Nikon D7200,Nikon D7200 DSLR 11212 Shutter Count Excellent Condition Plus Battery & Charger,488.65,2020-12-06
Auction,calculator,Cameras,Nikon D7200,nikon d7200 camera Kit with18-140mm Lens and Sigma 17-50mm Lens.,809.0,2020-12-06
Auction,calculator,Cameras,Nikon D7200,Nikon d7200 w/ Lense ,573.15,2020-12-06
Auction,calculator,Cameras,Nikon D7200,Nikon D7200 - Black - With 30 Mm Lena - + Charger Bundle,440.0,2020-12-07
Auction,calculator,Cameras,Nikon D7200,Nikon D7200 24.1MP Tamron 18-200mm F/3.5 YN568EXIII | Best Photography Bundle,710.0,2020-12-07
Auction,calculator,Cameras,Nikon D7200,Nikon D7200 DSLR Digital SLR Camera with 18-55mm Lens and More Extras,510.0,2020-12-07
Auction,calculator,Cameras,Nikon D7200,Nikon D7200 - Black - With 30 Mm Lena - + Charger Bundle,454.9,2020-12-07
Auction,calculator,Cameras,Nikon D7200,Nikon D7200 24.1MP Tamron 18-200mm F/3.5 YN568EXIII | Best Photography Bundle,748.15,2020-12-07
Auction,calculator,Cameras,Nikon D7200,Nikon D7200 DSLR Digital SLR Camera with 18-55mm Lens and More Extras,525.0,2020-12-07
Auction,calculator,Cameras,Nikon D7200,Nikon D7200 DSLR Digital SLR Camera with 18-140mm Lens and 35mm Lens - Black,698.0,2020-12-08
Auction,calculator,Cameras,Nikon D7200,Nikon D7200 Dual Zoom Lens Kit 18-55 & 70-300 + Lots of Extras Flash Remote Pack,749.99,2020-12-08
Auction,calculator,Cameras,Nikon D7200,Nikon D7200 DSLR Digital SLR Camera with 18-140mm Lens and 35mm Lens - Black,643.95,2020-12-08
Auction,calculator,Cameras,Nikon D7200,Nikon D7200 Dual Zoom Lens Kit 18-55 & 70-300 + Lots of Extras Flash Remote Pack,769.99,2020-12-08
Auction,calculator,Cameras,Nikon D7200,Nikon D7200 DSLR Digital SLR Camera with 18-140mm Lens and 35mm Lens - Black,682.0,2020-12-08
Auction,calculator,Cameras,Nikon D7200,Nikon D7200 24.2 MP DSLR + 35mm f/1.8 + Grip + extra battery + filters + extras,650.0,2020-12-09
Auction,calculator,Cameras,Nikon D7200,Nikon D7200 DSLR Camera BUNDLE Tamron B028 Zoom Lens 18mm - 400mm F/3.5-6.3,649.95,2020-12-09
Auction,calculator,Cameras,Nikon D7200,Nikon D7200 24.2 MP DSLR + 35mm f/1.8 + Grip + extra battery + filters + extras,673.15,2020-12-09
Auction,calculator,Cameras,Nikon D7200,Nikon D7200 DSLR Camera BUNDLE Tamron B028 Zoom Lens 18mm - 400mm F/3.5-6.3,712.56,2020-12-09
Auction,calculator,Cameras,Nikon D7200,Nikon D7200 24.2 MP DSLR with MB-D15 vertical grip shutter count 6459,664.49,2020-12-09
Auction,calculator,Cameras,Nikon D7200,Nikon D7200 24.2 MP DSLR Camera - Black (Body Only) shutter count 8892,547.84,2020-12-09
Auction,calculator,Cameras,Nikon D7200,Nikon D7200 Digital SLR Camera - Black (Kit with AF-S 18-200 and MORE),861.0,2020-12-10
Auction,calculator,Cameras,Nikon D7200,Nikon D7200 body Two Nikon Batteries Mint,537.0,2020-12-11
Auction,calculator,Cameras,Nikon D7200,Nikon D7200 body Two Nikon Batteries Mint,552.0,2020-12-11
Auction,calculator,Cameras,Nikon D7200,Nikon D7200 24.2 MP DSLR Camera - Black (Body Only) shutter count 6089¬†,570.0,2020-12-12
Auction,calculator,Cameras,Nikon D7200,Nikon D7200 24.2 MP DSLR Camera - Black (Body Only) shutter count 6089¬†,580.9,2020-12-12
Auction,calculator,Cameras,Nikon D7200,NIKON D7200 DSLR CAMERA WITH 50MM LENS | 1554 | 24.2MP | BLACK,484.67,2020-12-12
Auction,calculator,Cameras,Nikon D7200,Nikon D7200 24.2 MP Digital SLR Camera - Black with 2 Lenses and Accessories,849.5,2020-12-12
Auction,calculator,Cameras,Nikon D7200,Nikon D7200 24.2 MP Digital SLR Camera - Black (Body Only) LOW SHUTTER COUNT,504.0,2020-12-13
Auction,calculator,Cameras,Nikon D7200,nikon d7200 camera With Bag And 2 Lenses,880.0,2020-12-13
Auction,calculator,Cameras,Nikon D7200,Nikon D7200 24.2 MP Digital SLR Camera - Black (Body Only),440.0,2020-12-13
Auction,calculator,Cameras,Nikon D7200,Nikon D7200 24.2 MP Digital SLR Camera - Black (Body Only) LOW SHUTTER COUNT,518.4,2020-12-13
Auction,calculator,Cameras,Nikon D7200,nikon d7200 camera With Bag And 2 Lenses,850.0,2020-12-13
Auction,calculator,Cameras,Nikon D7200,Nikon D7200 24.2 MP Digital SLR Camera - Black (Body Only),453.65,2020-12-13
Auction,calculator,Cameras,Nikon D7200,Nikon D7200 with 18-140mm VR Lens with extras,660.0,2020-12-15
Auction,calculator,Cameras,Nikon D7200,Nikon D7200 with 18-140mm VR Lens with extras,696.75,2020-12-15
Auction,calculator,Cameras,Nikon D7200,Nikon D7200 Digital SLR Camera Black Body From Japan,510.0,2020-12-16
Auction,calculator,Cameras,Nikon D7200,Nikon D7200 Digital SLR Camera Black Body From Japan,519.9,2020-12-16
Auction,calculator,Cameras,Nikon D7200,Nikon D7200 / NIKKOR 35mm+50mm f/1.8 LENS/Neewer TT560 Flash ALL IN ONE BUNDLE,760.0,2020-12-17
Auction,calculator,Cameras,Nikon D7200,Nikon D7200 24.2 MP Digital SLR Camera - Black (Body Only Kit) many extras,575.0,2020-12-17
Auction,calculator,Cameras,Nikon D7200,Nikon D7200 24.2 MP Digital SLR Camera + 35mm portrait lens AF-S DX f/1.8 G NEW!,1009.0,2020-12-17
Auction,calculator,Cameras,Nikon D7200,Nikon D7200 / NIKKOR 35mm+50mm f/1.8 LENS/Neewer TT560 Flash ALL IN ONE BUNDLE,778.5,2020-12-17
Auction,calculator,Cameras,Nikon D7200,Nikon D7200 24.2 MP Digital SLR Camera - Black (Body Only Kit) many extras,592.79,2020-12-17
Auction,calculator,Cameras,Nikon D7200,Nikon D7200 24.2 MP Digital SLR Camera (Body Only) - NO RESERVE,606.7,2020-12-17
Auction,calculator,Cameras,Nikon D7200,Nikon D7200 24.2 MP Digital SLR Camera + 35mm portrait lens AF-S DX f/1.8 G NEW!,1050.65,2020-12-17
Auction,calculator,Cameras,Nikon D7200,Nikon D7200 24.2 MP Digital SLR Camera (Body Only) - NO RESERVE,580.0,2020-12-17
Auction,calculator,Cameras,Nikon D7200,Nikon D7200 24.2 MP Digital SLR Camera - Black (Body Only) *Free Bag Included!*,480.0,2020-12-20
Auction,calculator,Cameras,Nikon D7200,Nikon D7200 24.2 MP Digital SLR Camera - Black (Body Only) *Free Bag Included!*,493.25,2020-12-20
Auction,calculator,Cameras,Nikon D7200,Nikon D7200 24.2 MP Digital SLR Camera - Black (Body Only) for repair or parts,286.0,2020-12-20
Auction,calculator,Cameras,Nikon D7200,Nikon D7200 24.2 MP Digital SLR Camera - Black (Body Only) for repair or parts,256.0,2020-12-20
Auction,calculator,Cameras,Nikon D7200,Nikon D7200 Body With AF-S Nikkor 18-55 mm DX VR Lens and Accessories,530.0,2020-12-21
Auction,calculator,Cameras,Nikon D7200,Nikon D7200 Body With AF-S Nikkor 18-55 mm DX VR Lens and Accessories,544.9,2020-12-21
Auction,calculator,Cameras,Nikon D7200,Nikon D7200 24.2 MP Digital SLR Camera - Lots of Lenses and Accessories,765.0,2020-12-22
Auction,calculator,Cameras,Nikon D7200,Nikon D7200 camera w/ 2 lenses,910.0,2020-12-22
Auction,calculator,Cameras,Nikon D7200,Nikon D7200 24.2 MP Digital SLR Camera - Lots of Lenses and Accessories,804.99,2020-12-22
Auction,calculator,Cameras,Nikon D7200,Nikon D7200 camera w/ 2 lenses,994.47,2020-12-22
Auction,calculator,Cameras,Nikon D7200,Nikon D7200 24.2 MP Digital SLR Camera - Black (Body Only) NEAR MINT.,500.0,2020-12-27
Auction,calculator,Cameras,Nikon D7200,Nikon D7200 Bundle,911.0,2020-12-27
Auction,calculator,Cameras,Nikon D7200,Nikon D7200 24.2 MP Digital SLR Camera - Black (Body Only) NEAR MINT.,535.97,2020-12-27
Auction,calculator,Cameras,Nikon D7200,Nikon D7200 Bundle,940.95,2020-12-27
Auction,calculator,Cameras,Nikon D7200,Nikon D7200 24.2 MP Digital SLR Camera - Lots of Lenses and Accessories,954.99,2020-12-29
Auction,calculator,Cameras,Nikon D7200,Nikon D7200 24.2 MP Digital SLR Camera - Lots of Lenses and Accessories,983.0,2020-12-29
Auction,calculator,Cameras,Nikon D7200,Package deal: Nikon D7200 body with Nikon 10-24mm f/3.5 DX lens,810.9,2020-12-30
Auction,calculator,Cameras,Nikon D7200,Package deal: Nikon D7200 body with Nikon 10-24mm f/3.5 DX lens,800.0,2020-12-30
Auction,calculator,Cameras,Nikon D7200,Nikon D7200 24.2 MP Digital SLR Camera - Black (Body Only Kit) many extras,666.7,2020-12-31
Auction,calculator,Cameras,Nikon D7200,Nikon D7200 24.2 MP Digital SLR Camera - Black (Body Only),489.9,2020-12-31
Auction,calculator,Cameras,Nikon D7200,Nikon D7200 24.2 MP Digital SLR Camera - Black (Body Only Kit) many extras,640.0,2020-12-31
Auction,calculator,Cameras,Nikon D7200,Nikon D7200 24.2 MP Digital SLR Camera - Black (Body Only),466.41,2021-01-01
Auction,calculator,Cameras,Nikon D7200,Nikon D7200 24.2 MP Digital SLR Camera - Black (Body Only),455.51,2021-01-01
Auction,calculator,Cameras,Nikon D7200,"Nikon D7200 24.2 MP Dual Zoom Lens Kit w/3.2"" LCD",655.0,2021-01-02
Auction,calculator,Cameras,Nikon D7200,Nikon D7200 24.2 MP Digital SLR Camera - with Nikon Multi Power Battery Pack,595.0,2021-01-02
Auction,calculator,Cameras,Nikon D7200,"Nikon D7200 24.2 MP Dual Zoom Lens Kit w/3.2"" LCD",640.0,2021-01-02
Auction,calculator,Cameras,Nikon D7200,Nikon D7200 24.2 MP Digital SLR Camera - with Nikon Multi Power Battery Pack,570.0,2021-01-02
Auction,calculator,Cameras,Nikon D7200,Nikon D7200 dslr camera with sigma and tokina 2.8 lenses,890.0,2021-01-05
Auction,calculator,Cameras,Nikon D7200,Nikon D7200 dslr camera with sigma and tokina 2.8 lenses,865.0,2021-01-05
Auction,calculator,Cameras,Nikon D7200,Nikon D7200 24.2 MP Digital SLR Camera (Body Only) - NO RESERVE,506.7,2021-01-06
Auction,calculator,Cameras,Nikon D7200,Nikon D7200 Body With AF-S Nikkor 18-55 mm DX VR Lens and Accessories,575.9,2021-01-06
Auction,calculator,Cameras,Nikon D7200,Nikon D7200 Digital 24.2 Pixels Black Camera Body **Real Nice**,475.95,2021-01-06
Auction,calculator,Cameras,Nikon D7200,"Nikon D7200, Lens AF-S 18-105MM VR, Battery Charger, MC 32 GB Shutter Count 6490",781.6,2021-01-06
Auction,calculator,Cameras,Nikon D7200,NIKON D7200 - BODY ONLY,502.95,2021-01-06
Auction,calculator,Cameras,Nikon D7200,Nikon D7200 24.2 MP Digital SLR Camera (Body Only) - NO RESERVE,480.0,2021-01-06
Auction,calculator,Cameras,Nikon D7200,Nikon D7200 Body With AF-S Nikkor 18-55 mm DX VR Lens and Accessories,561.0,2021-01-06
Auction,calculator,Cameras,Nikon D7200,Nikon D7200 Digital 24.2 Pixels Black Camera Body **Real Nice**,494.0,2021-01-06
Auction,calculator,Cameras,Nikon D7200,"Nikon D7200, Lens AF-S 18-105MM VR, Battery Charger, MC 32 GB Shutter Count 6490",789.22,2021-01-06
Auction,calculator,Cameras,Nikon D7200,NIKON D7200 - BODY ONLY,507.84,2021-01-06
Auction,calculator,Cameras,Nikon D7200,Nikon D7200 24.2 MP Digital SLR Camera - Black (Body Only),474.9,2021-01-07
Auction,calculator,Cameras,Nikon D7200,Nikon D7200 24.2 MP Digital SLR Camera - Black (Body Only),460.0,2021-01-07
Auction,calculator,Cameras,Nikon D7200,Nikon D7200 24.2 MP Digital SLR Camera - Lots of Lenses and Accessories,919.99,2021-01-09
Auction,calculator,Cameras,Nikon D7200,Nikon D7200 24.2 MP Digital SLR Camera - Lots of Lenses and Accessories,880.0,2021-01-09
Auction,calculator,Cameras,Nikon D7200,Nikon D7200 24.2 MP Digital SLR Camera - Low Shutter Count,510.0,2021-01-10
Auction,calculator,Cameras,Nikon D7200,Nikon d7200 dslr camera,850.0,2021-01-12
Auction,calculator,Cameras,Nikon D7200,Nikon D7200 DSLR + 18-140 and 28-200 Lenses + Extras,725.0,2021-01-12
Auction,calculator,Cameras,Nikon D7200,Nikon D7200 24.2 MP Digital SLR Camera - Black (Body Only) 3386 shutter count,520.0,2021-01-12
Auction,calculator,Cameras,Nikon D7200,"Nikon D7200 with grip, rough but ready to go",379.0,2021-01-13
Auction,calculator,Cameras,Nikon D7200,nikon d7200,725.0,2021-01-14
Auction,calculator,Cameras,Nikon D7200,Nikon D7200 DSLR Camera (Body Only) - READ,130.5,2021-01-14
Auction,calculator,Cameras,Nikon D7200,Nikon D7200 24.2 MP Digital SLR Camera - Black (Body Only),885.0,2021-01-14
Auction,calculator,Cameras,Nikon D7200,Nikon D7200 DSLR Camera Body Only - READ,200.5,2021-01-15
Auction,calculator,Cameras,Nikon D7200,Nikon D7200 24.2 MP Digital SLR Camera - Black (Body Only) Dirty Sensor,331.0,2021-01-15
Auction,calculator,Cameras,Nikon D7200,Nikon D7200 24.2 MP Digital SLR Camera - Black (Body Only),490.0,2021-01-15
Auction,calculator,Cameras,Nikon D7200,Nikon D7200 DSLR Camera (Body Only) - READ - AS IS,205.5,2021-01-16
Auction,calculator,Cameras,Nikon D7200,Nikon D7200 24.2 MP Digital SLR Camera - Black (Body Only),486.51,2021-01-16
Auction,calculator,Cameras,Nikon D7200,Nikon D7200 Camera With extras and Shutter Count And Accessories,665.69,2021-01-16
Auction,calculator,Cameras,Nikon D7200,"Nikon d7200 DSLR camera with 200mm-500mm lens and 2 other lenses, full outfit ",1475.99,2021-01-17
Auction,calculator,Cameras,Nikon D7200,Nikon D7200 24.2 MP Digital SLR Camera - Black (Body Only),480.98,2021-01-18
Auction,calculator,Cameras,Nikon D7200,Nikon D7200 24.2 MP Digital SLR Camera - Black (Body Only) 32k Shutter,395.0,2021-01-19
Auction,calculator,Cameras,Nikon D7200,Nikon d7200 with nikkor 35mm 1:1.8G Dx,650.0,2021-01-19
Auction,calculator,Cameras,Nikon D7200,Nikon D7200 24.2 MP Digital SLR Camera - Black (Body Only),495.0,2021-01-20
Auction,calculator,Cameras,Nikon D7200,Nikon D7200 Body With AF-S Nikkor 18-55 mm DX VR Lens and Accessories,510.0,2021-01-20
Auction,calculator,Cameras,Nikon D7200,Nikon d7200 Camera,800.0,2021-01-22
Auction,calculator,Cameras,Nikon D7200,Nikon D7200 24.2 MP Digital SLR Camera - Black (Body Only),606.0,2021-01-22
Auction,calculator,Cameras,Nikon D7200,Nikon d7200 Nikkor 18-140mm Used Nice Camera Bag Box Lens Covers,614.0,2021-01-24
Auction,calculator,Cameras,Nikon D7200,Nikon D7200 DSLR + 18-140 and 28-200 Lenses + Extras,695.0,2021-01-25
Auction,calculator,Cameras,Nikon D7200,Nikon D7200 24.2 MP DSLR Camera with Lenses and Pelican Case (DEAL),910.0,2021-01-27
Auction,calculator,Cameras,Nikon D7200,Nikon D7200 24.2 MP Digital SLR Camera - Black (Body Only),430.0,2021-01-29
Auction,calculator,Cameras,Nikon D7200,Nikon D7200 24.2 MP Digital SLR Camera with box and L-bracket (Body Only),605.0,2021-01-29
Auction,calculator,Cameras,Nikon D7200,Nikon D7200 24.2 MP Camera Extremely Low Shutter Count (Body Only),575.0,2021-01-29
Auction,calculator,Cameras,Nikon D7200,Nikon D7200 24.2 MP Digital SLR Camera - Black (Body Only) - US Model,532.0,2021-01-31
Auction,calculator,Cameras,Nikon D7200,Nikon D7200 24.2 MP Digital SLR Camera Bundle with 5 lenses,689.0,2021-02-01
Auction,calculator,Cameras,Nikon D7200,Nikon D7200 DSLR + 18-55 and 55-200 Lenses,585.69,2021-02-01
Auction,calculator,Cameras,Nikon D7200,Nikon d7200 with lens 18-55mm,650.0,2021-02-02
BIN,calculator,Cameras,Nikon D7200,Nikon D7200 24.2MP Digital Camera Body Excellent,528.0,2020-08-11
BIN,calculator,Cameras,Nikon D7200,"Nikon D7200 Body Only - 26k Shutter Count incl: Cap, Strap, Battery, Charger",550.0,2020-08-11
BIN,calculator,Cameras,Nikon D7200,Nikon D7200 Digital SLR Camera Body - 4280 Shutter.,571.79,2020-08-11
BIN,calculator,Cameras,Nikon D7200,Nikon D7200 Digital SLR Camera  ( body only),480.0,2020-08-14
BIN,calculator,Cameras,Nikon D7200,Nikon D7200 24.2MP Digital Camera - Black (w/ 18-140mm Lens) !!!READ!!!,617.95,2020-08-16
BIN,calculator,Cameras,Nikon D7200,Nikon D7200 24.2MP Digital Camera - Black (w/ 18-55mm Lens) 1381 Shutter Countüíé,797.0,2020-08-17
BIN,calculator,Cameras,Nikon D7200,Nikon d7200 used,581.85,2020-08-17
BIN,calculator,Cameras,Nikon D7200,Nikon D7200 With 18-140mm Lens,690.0,2020-08-18
BIN,calculator,Cameras,Nikon D7200,Nikon D7200 Dslr Camera With Nikon AF-S 18-200mm DX VR Lens,589.95,2020-08-19
BIN,calculator,Cameras,Nikon D7200,"Nikon D7200 24.2MP Digital SLR Camera Body - Shutter count 6,721",722.65,2020-08-19
BIN,calculator,Cameras,Nikon D7200,Nikon D7200 with 2 lenses - 13417 actuations - excellent condition,854.39,2020-08-19
BIN,calculator,Cameras,Nikon D7200,Nikon D7200 24.2 MP Digital SLR Camera + Nikon 50mm 1.8G Lens (READ DESCRIPTION),650.0,2020-08-20
BIN,calculator,Cameras,Nikon D7200,Nikon D7200 Body.  Barely used. Shutter count 6740 shots. Excellent Condition!,599.0,2020-08-20
BIN,calculator,Cameras,Nikon D7200,Nikon D7200 DSLR Body Only,489.0,2020-08-20
BIN,calculator,Cameras,Nikon D7200,Nikon D7200 with Accessory Pack-SNR: 4375008,543.85,2020-08-20
BIN,calculator,Cameras,Nikon D7200,Nikon D7200 Kit AF-S DX 18-105mm ideal for travel photography,356.24,2020-08-21
BIN,calculator,Cameras,Nikon D7200,"Nikon D7200 DSLR Body Only, Battery, Charger, USB cable.",435.0,2020-08-21
BIN,calculator,Cameras,Nikon D7200,Nikon D7200 body only 128 Pivot,675.66,2020-08-22
BIN,calculator,Cameras,Nikon D7200,Nikon D7200 Body Shutter count 4K shots. Excellent!  FREE SHIPPING!!!!!!,639.0,2020-08-23
BIN,calculator,Cameras,Nikon D7200,Nikon D7200 (body only),355.0,2020-08-25
BIN,calculator,Cameras,Nikon D7200,Nikon d7200 camera,524.47,2020-08-25
BIN,calculator,Cameras,Nikon D7200,Nikon D7200 24.2 MP Digital SLR Camera - Black - Full accessories! 2 Lens Bag,854.99,2020-08-27
BIN,calculator,Cameras,Nikon D7200,Nikon D7200 24.2MP Digital Camera - Black (w/ 18-55mm Lens) 8793 Shutter Count,398.99,2020-08-28
BIN,calculator,Cameras,Nikon D7200,"Nikon D7200 24.2 MP DX-format CMOS Sensor Digital SLR Body, Black",703.98,2020-08-30
BIN,calculator,Cameras,Nikon D7200,Nikon D7200 w/18-140mm VR lens. 6020 shutter count. Mint Condition,825.0,2020-08-30
BIN,calculator,Cameras,Nikon D7200,Nikon D7200 DSLR Camera with 18-55mm Lens and Accessories! -Black,524.0,2020-08-30
BIN,calculator,Cameras,Nikon D7200,D7200 Nikon DSLR with battery and charger,420.0,2020-08-31
BIN,calculator,Cameras,Nikon D7200,Nikon D7200 DSLR Camera 18-140mm VR Lens & AF-S DX NIKKOR 55-300mm f/4.5-5.6G VR,1110.0,2020-09-01
BIN,calculator,Cameras,Nikon D7200,Nikon D7200 DSLR - Three Lens Outfit,1260.0,2020-09-01
BIN,calculator,Cameras,Nikon D7200,"Nikon D7200 Camera - With Carry Bag , Strap, Charger , Flash Light And Filters",657.23,2020-09-02
BIN,calculator,Cameras,Nikon D7200,Nikon D7200 24.2MP (Body only)¬†,525.78,2020-09-02
BIN,calculator,Cameras,Nikon D7200,"Nikon d7200 Digital SLR Camera APS-C 24,2mp. more accessories",676.85,2020-09-03
BIN,calculator,Cameras,Nikon D7200,Nikon D7200 24MP DIGITAL CAMERA w/ Nikkor AF-S 50mm f/1.8G LENS ...and Extras!,613.2,2020-09-05
BIN,calculator,Cameras,Nikon D7200,Nikon D7200 24.2MP Digital SLR Camera + AF-S 18-55mm Shutter count  32000,525.78,2020-09-05
BIN,calculator,Cameras,Nikon D7200,Nikon D7200 24.2MP DSLR Camera with DX 35mm 1.8G Lens - Shutter Count 6273,652.33,2020-09-06
BIN,calculator,Cameras,Nikon D7200,Nikon D7200 24.2MP Digital Camera Body Excellent,538.0,2020-09-06
BIN,calculator,Cameras,Nikon D7200,Nikon D7200 24MP DSLR Camera Body Only,449.97,2020-09-07
BIN,calculator,Cameras,Nikon D7200,Nikon D7200 24.1MP Digital SLR Camera (Body Only) - NEAR MINT,520.0,2020-09-07
BIN,calculator,Cameras,Nikon D7200,"Nikon d7200 Digital SLR Camera APS-C 24,2mp. more accessories",593.73,2020-09-07
BIN,calculator,Cameras,Nikon D7200,nikon d7200 18-105 vr camera barley used¬†,841.25,2020-09-08
BIN,calculator,Cameras,Nikon D7200,Nikon D7200 DSLR Camera Body EXCELLENT CONDITION + Battery / Charger,520.0,2020-09-08
BIN,calculator,Cameras,Nikon D7200,Nikon D7200 (BODY) DSLR Camera (REFURB) [NIKON WARR],653.51,2020-09-09
BIN,calculator,Cameras,Nikon D7200,** Near MINT ** Nikon D7200 24.2MP Digital Camera Body Shutter Count 4134 ,568.0,2020-09-09
BIN,calculator,Cameras,Nikon D7200,Nikon D7200 With 18-105 Lens,600.0,2020-09-09
BIN,calculator,Cameras,Nikon D7200,Nikon D7200 with 18-55mm Nikon lens and RRS L-Bracket,465.0,2020-09-11
BIN,calculator,Cameras,Nikon D7200,Nikon d7200 Digital SLR Camera Body Used,664.97,2020-09-12
BIN,calculator,Cameras,Nikon D7200,NIKON D7200 DSLR CAMERA with battery grip and L brackets. ,781.0,2020-09-13
BIN,calculator,Cameras,Nikon D7200,Nikon D7200 24.2MP Digital SLR Camera - Black (Body Only),455.0,2020-09-13
BIN,calculator,Cameras,Nikon D7200,"Nikon D7200 24.2MP Digital SLR Camera Body - Shutter count 92,060",648.04,2020-09-14
BIN,calculator,Cameras,Nikon D7200,Brand new Nikon D7200 DSLR Camera w/ 18-140mm f/3.5-5.6G ED VR,1130.0,2020-09-14
BIN,calculator,Cameras,Nikon D7200,Nikon D7200 Body - 52253 clicks - 12 Month Warranty,527.51,2020-09-15
BIN,calculator,Cameras,Nikon D7200,nikon d7200 body only,425.0,2020-09-16
BIN,calculator,Cameras,Nikon D7200,"Nikon D7200 24.2MP Digital SLR Camera Body & grip - Shutter count 22,848",662.19,2020-09-16
BIN,calculator,Cameras,Nikon D7200,Nikon D7200 Body - 47609 clicks - 12 Month Warranty,591.64,2020-09-16
BIN,calculator,Cameras,Nikon D7200,Nikon d7200 kit,685.0,2020-09-17
BIN,calculator,Cameras,Nikon D7200,Nikon D7200 24.2MP  (Body only)¬†,492.92,2020-09-17
BIN,calculator,Cameras,Nikon D7200,Nikon D7200 24.2MP Digital SLR Camera * MINT Condition * ONLY 1416 Shutter Count,824.57,2020-09-17
BIN,calculator,Cameras,Nikon D7200,Nikon D7200 24.2 MP DSLR Digital Camera Body *MINT SHUTTER UNDER 300*,636.0,2020-09-19
BIN,calculator,Cameras,Nikon D7200,Nikon D7200,670.0,2020-09-20
BIN,calculator,Cameras,Nikon D7200,Nikon D7200,480.0,2020-09-21
BIN,calculator,Cameras,Nikon D7200,[Near Mint] Nikon D7200 24.2 MP Digital Camera Body Black w Charger,570.98,2020-09-21
BIN,calculator,Cameras,Nikon D7200,Nikon D7200 24.1MP Digital SLR Camera (Body Only),479.0,2020-09-22
BIN,calculator,Cameras,Nikon D7200,"Nikon D7200 Digital SLR Camera w/ 18-55 VR Lens + extras (s/c 19,453)",695.34,2020-09-24
BIN,calculator,Cameras,Nikon D7200,"‚≠êÔ∏èNikon D7200 24.2 MP Digital Camera Body w/ Vertical Grip, Great Condition!",539.0,2020-09-24
BIN,calculator,Cameras,Nikon D7200,Nikon D7200 24MP DSLR Camera Body Only,449.97,2020-09-25
BIN,calculator,Cameras,Nikon D7200,"Nikon D7200 24.2MP Digital SLR Camera Body - Shutter count 9,523",709.51,2020-09-25
BIN,calculator,Cameras,Nikon D7200,Nikon D500 D750 D810 D850 D3500 D5600 D7100 D7200 D7500 MEGA ACCESSORY BUNDLE,157.95,2020-09-26
BIN,calculator,Cameras,Nikon D7200,EXCELLENT Nikon D7200 24.2MP Digital SLR Camera - Black (Body Only),474.0,2020-09-26
BIN,calculator,Cameras,Nikon D7200,Genuie Nikon MB-D15¬† Power Grip for D7200 and D7100 DSLR & AA Battery Adapter,75.0,2020-09-26
BIN,calculator,Cameras,Nikon D7200,Nikon D7200 24.1MP Digital SLR Camera (Body Only),499.0,2020-09-26
BIN,calculator,Cameras,Nikon D7200,"Nikon D7200 Body only, Low shutter count (21184 actuations) Mint condition¬†",629.62,2020-09-27
BIN,calculator,Cameras,Nikon D7200,Nikon D7200 Digital Camera Nikkor 18-55mm & 70-300mm Lenses,851.55,2020-09-28
BIN,calculator,Cameras,Nikon D7200,[Near Mint] Nikon D7200 24.2 MP Digital Camera Body Black w/ Charger,564.99,2020-09-30
BIN,calculator,Cameras,Nikon D7200,Nikon D7200 24.2 MP Digital SLR Camera Body & Battery Grip - *Low Shutter Count*,399.88,2020-09-30
BIN,calculator,Cameras,Nikon D7200,Nikon D7200 24.1MP Digital SLR Camera (Body Only),479.0,2020-10-01
BIN,calculator,Cameras,Nikon D7200,Nikon D7200 24.1MP Digital SLR Camera (Body Only),508.15,2020-10-01
BIN,calculator,Cameras,Nikon D7200,Nikon D7200 24.1MP Digital SLR Camera (Body Only),495.0,2020-10-01
BIN,calculator,Cameras,Nikon D7200,Nikon D7200 24.2MP Digital SLR Camera with 2 lenses,867.54,2020-10-03
BIN,calculator,Cameras,Nikon D7200,** Near MINT ** Nikon D7200 24.2MP Digital Camera Body Shutter Count 5128,540.0,2020-10-03
BIN,calculator,Cameras,Nikon D7200,"Nikon D7200 DSLR w/ Nikkor 50mm f/1.8G LENS, Battery Grip ... and MORE!",767.46,2020-10-03
BIN,calculator,Cameras,Nikon D7200,"Nikon D7200 DSLR w/ Nikkor 50mm f/1.8G LENS, Battery Grip ... and MORE!",827.63,2020-10-03
BIN,calculator,Cameras,Nikon D7200,Nikon D7200 24.2 MP Digital SLR Camera - 3500 Shutter count,499.0,2020-10-04
BIN,calculator,Cameras,Nikon D7200,Nikon D7200 24.2 MP Digital SLR Camera - 3500 Shutter count,515.99,2020-10-04
BIN,calculator,Cameras,Nikon D7200,Nikon D7200 24.2MP Digital SLR Camera - Black (Body only),556.01,2020-10-05
BIN,calculator,Cameras,Nikon D7200,Nikon D7200 24.2MP DSLR Camera Body #229,598.39,2020-10-06
BIN,calculator,Cameras,Nikon D7200,Nikon D7200 24.2MP DSLR Camera Body #661,523.44,2020-10-06
BIN,calculator,Cameras,Nikon D7200,Nikon D7200 24.2MP DSLR Camera Body #229,528.49,2020-10-06
BIN,calculator,Cameras,Nikon D7200,Nikon D7200 24.2MP DSLR Camera Body #661,453.54,2020-10-06
BIN,calculator,Cameras,Nikon D7200,"Nikon D7200 AF-S DX VR Nikkor 18-140mm f/1:3, 5-5,6 G ED",1163.7,2020-10-07
BIN,calculator,Cameras,Nikon D7200,"Nikon D7200 AF-S DX VR Nikkor 18-140mm f/1:3, 5-5,6 G ED",1056.83,2020-10-08
BIN,calculator,Cameras,Nikon D7200,** MINT ** Nikon D7200 24.2MP Digital Camera Body Shutter Count 14132,569.0,2020-10-09
BIN,calculator,Cameras,Nikon D7200,NIKON D7200 DIGITAL CAMERA W/ 18-55mm & 55-300mm LENSES (CMP038046),749.95,2020-10-09
BIN,calculator,Cameras,Nikon D7200,** Near MINT ** Nikon D7200 24.2MP Digital Camera Body Shutter Count 15154,545.0,2020-10-09
BIN,calculator,Cameras,Nikon D7200,Nikon D7200 24.1MP Digital SLR Camera (Body Only),479.0,2020-10-10
BIN,calculator,Cameras,Nikon D7200,Nikon D7200 24.1MP Digital SLR Camera (Body Only)  needs new CF SD Card CoverLid,450.0,2020-10-10
BIN,calculator,Cameras,Nikon D7200,Nikon D7200 24.1MP Digital SLR Camera (Body Only),495.0,2020-10-10
BIN,calculator,Cameras,Nikon D7200,Nikon d7200 camera,1000.0,2020-10-11
BIN,calculator,Cameras,Nikon D7200,Nikon d7200 camera,1025.0,2020-10-11
BIN,calculator,Cameras,Nikon D7200,"2 Nikon D7100, D7200 Batteries Replacement by Xit of Nikon EN-EL15",32.98,2020-10-11
BIN,calculator,Cameras,Nikon D7200,Nikon D7200 24.2MP DX-Format DSLR Body plus extra battery and lowepro case,545.0,2020-10-11
BIN,calculator,Cameras,Nikon D7200,Nikon D7200 24.2 MP Digital SLR Camera Body Only - Black,472.58,2020-10-12
BIN,calculator,Cameras,Nikon D7200,"Nikon D7200 24.2 MP, mint, approximately 5500 shots in the original box",653.1,2020-10-12
BIN,calculator,Cameras,Nikon D7200,NIKON D7200 DIGITAL CAMERA 24MP - LOW SHUTTER COUNT - VERY GOOD CONDITION,552.07,2020-10-13
BIN,calculator,Cameras,Nikon D7200,Nikon d7200 camera complete 48k trigger nu,581.85,2020-10-13
BIN,calculator,Cameras,Nikon D7200,Nikon D7200 DSLR Camera 4 Lens 18-55mm VR 70-300 + Battery Grip + Flash 32GB Kit,1118.95,2020-10-13
BIN,calculator,Cameras,Nikon D7200,Nikon D7200 24.2MP Digital SLR Camera + 32gb Memory Card + Wireless Remote Kit,918.95,2020-10-13
BIN,calculator,Cameras,Nikon D7200,Nikon D7200 24.2MP Digital SLR DSLR Camera + Professional Deluxe Backpack Kit,918.95,2020-10-13
BIN,calculator,Cameras,Nikon D7200,Nikon D7200 24.2MP Digital SLR DSLR Camera + 32gb memory card + Camera Bag Kit,918.95,2020-10-13
BIN,calculator,Cameras,Nikon D7200,"MINT Nikon D7200 24.2MP Digital SLR Camera (Body only) (4,374shutter count)",708.49,2020-10-15
BIN,calculator,Cameras,Nikon D7200,Nikon d7200 body with Tamron 17-50 2.8 lens,672.5,2020-10-16
BIN,calculator,Cameras,Nikon D7200,Nikon D7200 24.2 MP Digital SLR Camera Body - Black Beauty low shutter count!,559.83,2020-10-17
BIN,calculator,Cameras,Nikon D7200,Nikon d7200 body with Tamron 17-50 2.8 lens,672.5,2020-10-17
BIN,calculator,Cameras,Nikon D7200,Nikon d7200 (Body) with only 3.100 shots!,675.72,2020-10-18
BIN,calculator,Cameras,Nikon D7200,Nikon D7200 26.2MP Low-light Wifi Camera Only 3K Shutter NEAR NEW,682.41,2020-10-19
BIN,calculator,Cameras,Nikon D7200,"Nikon D7200 24.2MP Digital SLR Camera Body - Shutter count 34,397",675.33,2020-10-19
BIN,calculator,Cameras,Nikon D7200,Nikon D7200 26.2MP Low-light Wifi Camera Only 3K Shutter NEAR NEW,713.86,2020-10-19
BIN,calculator,Cameras,Nikon D7200,Nikon D7200 26.2MP Low-light Wifi Camera Only 3K Shutter NEAR NEW,734.34,2020-10-19
BIN,calculator,Cameras,Nikon D7200,Nikon d7200 24.2MP Digital Camera Shutter Count 637 + 4 Lenses & Many Extras,924.99,2020-10-20
BIN,calculator,Cameras,Nikon D7200,Excellent!! Nikon D7200 24.2 MP DSLR + AF-S DX NIKKOR 18-300mm f/3.5-6.3 G ED VR,976.0,2020-10-21
BIN,calculator,Cameras,Nikon D7200,Nikon D7200 24.2 MP SLR Digital Camera-Black + Lens NIKKOR 28mm F1.8,498.73,2020-10-22
BIN,calculator,Cameras,Nikon D7200,NIKON D7200 DSLR CAMERA BODY ONLY. FOR PARTS OR NOT WORKING. SOLD AS IS ,218.93,2020-10-22
BIN,calculator,Cameras,Nikon D7200,NIKON D7200 DSLR CAMERA BODY ONLY. FOR PARTS OR NOT WORKING. SOLD AS IS ,199.95,2020-10-22
BIN,calculator,Cameras,Nikon D7200,Nikon D7200 Body,556.91,2020-10-23
BIN,calculator,Cameras,Nikon D7200,[Near Mint] Nikon D7200 24.2 MP Digital Camera Body Black w/ Charger,529.99,2020-10-23
BIN,calculator,Cameras,Nikon D7200,nikon d7200 with 18-140mm lens,760.9,2020-10-23
BIN,calculator,Cameras,Nikon D7200,nikon d7200 with 18-140mm lens,750.0,2020-10-23
BIN,calculator,Cameras,Nikon D7200,"Nikon D7200 24.2MP Digital SLR Camera Body - Shutter count 10,940",701.62,2020-10-24
BIN,calculator,Cameras,Nikon D7200,Nikon D7200 Digital SLR Camera Black Body From Japan,899.0,2020-10-25
BIN,calculator,Cameras,Nikon D7200,Nikon D7200 (Body only) *9002 Shutter Count* includes all orig OEM accessories+,785.0,2020-10-25
BIN,calculator,Cameras,Nikon D7200,Nikon D7200 24.2MP DSLR Camera Body #087,287.72,2020-10-26
BIN,calculator,Cameras,Nikon D7200,Nikon D7200 24.2MP DSLR Camera Body #087,227.39,2020-10-26
BIN,calculator,Cameras,Nikon D7200,[MINT] Shutter Count = 7172 Nikon D7200 24.2MP Digital SLR Camera - Black (G299),752.0,2020-10-26
BIN,calculator,Cameras,Nikon D7200,Nikon D7200 24.2MP DSLR Camera Body #087,253.81,2020-10-26
BIN,calculator,Cameras,Nikon D7200,Nikon D7200 24.2MP DSLR Camera Body [Parts/Repair] #087,291.92,2020-10-27
BIN,calculator,Cameras,Nikon D7200,Nikon D7200 24.2MP DSLR Camera Body [Parts/Repair] #087,231.59,2020-10-27
BIN,calculator,Cameras,Nikon D7200,Nikon D7200 24.2MP DSLR Camera Body [Parts/Repair] #087,258.01,2020-10-27
BIN,calculator,Cameras,Nikon D7200,Nikon D7200 24.2 MP Digital SLR Camera - Black (Body Only).,550.0,2020-10-28
BIN,calculator,Cameras,Nikon D7200,Nikon Digital SLR Camera D7200 18-140VR Lens Kit D7200LK18-140,2116.0,2020-10-28
BIN,calculator,Cameras,Nikon D7200,Nikon D7200 24.2 MP Digital SLR Camera - Black (Body Only),585.0,2020-10-28
BIN,calculator,Cameras,Nikon D7200,Nikon D7200 24.2 MP Digital SLR Camera - Black (Body Only).,569.5,2020-10-28
BIN,calculator,Cameras,Nikon D7200,Nikon Digital SLR Camera D7200 18-140VR Lens Kit D7200LK18-140,2092.0,2020-10-28
BIN,calculator,Cameras,Nikon D7200,Nikon D7200 24.2 MP Digital SLR Camera - Black (Body Only),593.3,2020-10-28
BIN,calculator,Cameras,Nikon D7200,"Nikon D7200 24.2MP Digital SLR Camera Body - Boxed - Low Shutter count 2,421",715.65,2020-10-29
BIN,calculator,Cameras,Nikon D7200,"Nikon D7200 24.2MP - Wifi Camera, Low Shutter NEAR NEW",632.53,2020-10-30
BIN,calculator,Cameras,Nikon D7200,"MINT Nikon D7200 24.2MP DSLR Camera (Body and extras) (14,445 shutter count)",708.49,2020-10-30
BIN,calculator,Cameras,Nikon D7200,Nikon D7200 DSLR Camera with 50mm Nikkor lens - LOW SHUTTER COUNT,920.12,2020-10-30
BIN,calculator,Cameras,Nikon D7200,Nikon D7200 24.2 MP SLR Digital Camera-Black + Lens NIKKOR 28mm F1.8,593.71,2020-11-01
BIN,calculator,Cameras,Nikon D7200,Nikon D7200 SLR Digital Camera Kit/AF-S DX 18-105mm f/3.5 OVP Top From Dealer,830.03,2020-11-05
BIN,calculator,Cameras,Nikon D7200,Nikon D7200 DSLR Camera With Nikon AF-S 18-200mm DX VR Lens,599.99,2020-11-05
BIN,calculator,Cameras,Nikon D7200,Nikon D7200 24.2mp Digital SLR Camera - Needs Repair! *Read* 14k Accs,424.99,2020-11-07
BIN,calculator,Cameras,Nikon D7200,Nikon D7200 24 MP Digital SLR Camera + Nikon 18-140 f3.5-5.6G ED VR AF-S DX Lens,499.0,2020-11-07
BIN,calculator,Cameras,Nikon D7200,Nikon D7200 24.2mp Digital SLR Camera - Needs Repair! *Read* 14k Accs,389.99,2020-11-07
BIN,calculator,Cameras,Nikon D7200,Nikon D7200 24 MP Digital SLR Camera + Nikon 18-140 f3.5-5.6G ED VR AF-S DX Lens,525.1,2020-11-07
BIN,calculator,Cameras,Nikon D7200,Nikon D7200 24.2mp Digital SLR Camera - Needs Repair! *Read* 14k Accs,407.99,2020-11-07
BIN,calculator,Cameras,Nikon D7200,New Listing,708.49,2020-11-08
BIN,calculator,Cameras,Nikon D7200,Nikon D7200 24.2 MP Digital SLR Camera - Black (Body Only),429.99,2020-11-11
BIN,calculator,Cameras,Nikon D7200,Nikon D7200 24.2 MP Digital SLR Camera - Black Bundle,795.0,2020-11-12
BIN,calculator,Cameras,Nikon D7200,Nikon D7200 24.2 MP Digital SLR Camera Black Body Only Excellent!! Shutter < 40k,417.0,2020-11-12
BIN,calculator,Cameras,Nikon D7200,Nikon D7200 24.2 MP Digital SLR Camera - Black (Body Only) + Charger and Battery,499.95,2020-11-12
BIN,calculator,Cameras,Nikon D7200,Nikon D7200 24.2 MP Digital SLR Camera - Black Bundle,775.0,2020-11-12
BIN,calculator,Cameras,Nikon D7200,Nikon D7200 24.2 MP Digital SLR Camera Black Body Only Excellent!! Shutter < 40k,436.0,2020-11-12
BIN,calculator,Cameras,Nikon D7200,Nikon D7200 24.2 MP Digital SLR Camera - Black (Body Only) + Charger and Battery,518.95,2020-11-12
BIN,calculator,Cameras,Nikon D7200,Nikon D7200 24.2MP Digital Camera Body Shutter Count 22736 Excellent,541.0,2020-11-13
BIN,calculator,Cameras,Nikon D7200,Nikon D7200 24.2 MP Digital SLR Camera - Black (Body Only),569.9,2020-11-13
BIN,calculator,Cameras,Nikon D7200,Nikon D7200 24.2 MP Digital SLR Camera - Black (Body Only),555.0,2020-11-13
BIN,calculator,Cameras,Nikon D7200,Pristine Nikon D7200 DSLR Camera - 865 clicks,550.0,2020-11-14
BIN,calculator,Cameras,Nikon D7200,Nikon D7200 24.2 MP DSLR Camera - Great Condition! US Model 47961 Shutter Clicks,454.98,2020-11-16
BIN,calculator,Cameras,Nikon D7200,Nikon D7200 DSLR Camera Body + Battery Pack Original Box - Less than 5K Clicks,575.0,2020-11-16
BIN,calculator,Cameras,Nikon D7200,Nikon D7200 DSLR Camera Body + Battery Pack Original Box - Less than 5K Clicks,575.0,2020-11-16
BIN,calculator,Cameras,Nikon D7200,Nikon D7200 24.2 MP DSLR Camera - Great Condition! US Model 47961 Shutter Clicks,429.99,2020-11-16
BIN,calculator,Cameras,Nikon D7200,Nikon D7200 Digital Camera Black Body Nikon Recon. Model: 1554B Sealed READ,699.0,2020-11-17
BIN,calculator,Cameras,Nikon D7200,** Near MINT ** Nikon D7200 24.2MP Digital Camera Body Shutter Count 13320,568.0,2020-11-17
BIN,calculator,Cameras,Nikon D7200,Nikon D7200 24.2 MP Digital SLR Camera - Black (Body Only) READ Description,398.99,2020-11-19
BIN,calculator,Cameras,Nikon D7200,Nikon D7200 24.2 MP Digital SLR Camera - Black (Body Only) READ Description,385.0,2020-11-19
BIN,calculator,Cameras,Nikon D7200,"Nikon D7200 with Sigma 18-250mm  DC Macro OS HSM Lens, Low shutter count.",639.99,2020-11-21
BIN,calculator,Cameras,Nikon D7200,Nikon D7200 24.2 MP Nikon dx vr 18-55 GII+ Nikon dx vr afs 55-300mm Ged++ 4290ct,706.35,2020-11-21
BIN,calculator,Cameras,Nikon D7200,Nikon D7200 (Body),434.0,2020-11-22
BIN,calculator,Cameras,Nikon D7200,Nikon D7200 (Body),453.0,2020-11-22
BIN,calculator,Cameras,Nikon D7200,NIKON CAMERA D7200 BODY ONLY IN BOX,658.3,2020-11-23
BIN,calculator,Cameras,Nikon D7200,Nikon D7200 24.1MP Digital SLR Camera (Body Only),515.75,2020-11-23
BIN,calculator,Cameras,Nikon D7200,NIKON CAMERA D7200 BODY ONLY IN BOX,650.0,2020-11-23
BIN,calculator,Cameras,Nikon D7200,Nikon D7200 24 MP Digital SLR Camera + Nikon 18-140 f3.5-5.6G ED VR AF-S DX Lens,699.99,2020-11-24
BIN,calculator,Cameras,Nikon D7200,Nikon D7200 24.1MP Digital SLR Camera (Body Only) - 15K Shutter Count!,555.75,2020-11-24
BIN,calculator,Cameras,Nikon D7200,86657) Nikon D7200 DSLR Digital SLR Camera with 18-55mm Lens and More Extras,591.11,2020-11-24
BIN,calculator,Cameras,Nikon D7200,Nikon D7200 DSLR Camera ***** EXCELLENT *****,680.8,2020-11-25
BIN,calculator,Cameras,Nikon D7200,Nikon D7200 DSLR Camera ***** EXCELLENT *****,700.34,2020-11-25
BIN,calculator,Cameras,Nikon D7200,MINT Nikon D7200 24.2MP DSLR Camera With Nikor 18-140mm ED VR Lens (Tripod Kit),825.0,2020-11-26
BIN,calculator,Cameras,Nikon D7200,MINT Nikon D7200 24.2MP DSLR Camera With Nikor 18-140mm ED VR Lens (Tripod Kit),851.0,2020-11-26
BIN,calculator,Cameras,Nikon D7200,Nikon D7200 24MP Low-light Wifi Camera Only 17K Shutter EXCELLENT,676.04,2020-11-27
BIN,calculator,Cameras,Nikon D7200,Nikon D7200 24.1MP Digital SLR Camera w/NIKON CHARGER & Battery. TESTED,503.0,2020-11-27
BIN,calculator,Cameras,Nikon D7200,Nikon D7200 24.2 MP Digital SLR Camera - Black (Body Only),550.0,2020-11-27
BIN,calculator,Cameras,Nikon D7200,Nikon D7200 24MP Low-light Wifi Camera Only 17K Shutter EXCELLENT,695.44,2020-11-27
BIN,calculator,Cameras,Nikon D7200,Nikon D7200 24.1MP Digital SLR Camera w/NIKON CHARGER & Battery. TESTED,485.0,2020-11-27
BIN,calculator,Cameras,Nikon D7200,Nikon D7200 24.2MP Digital Camera Body Shutter Count 15529 Excellent,558.0,2020-11-28
BIN,calculator,Cameras,Nikon D7200,Mint Nikon D7200 24.2 MP Body only 645 Low Shutter Count with  all accessories,748.15,2020-11-28
BIN,calculator,Cameras,Nikon D7200,Mint Nikon D7200 24.2 MP Body only 645 Low Shutter Count with  all accessories,725.0,2020-11-28
BIN,calculator,Cameras,Nikon D7200,Brand New In Box Nikon D7200 DSLR Camera Dual Zoom Lens Kit,1250.0,2020-11-29
BIN,calculator,Cameras,Nikon D7200,[MINT]Nikon D7200 24.2 MP Digital Camera Body Black 21644 shots 696021,494.51,2020-11-29
BIN,calculator,Cameras,Nikon D7200,Nikon D7200 24.2 MP Digital SLR Camera - Black (Body Only) Low Shutter Count,543.99,2020-11-29
BIN,calculator,Cameras,Nikon D7200,Nikon D7200 24.2 MP Digital SLR Camera - With Accessories,944.75,2020-11-29
BIN,calculator,Cameras,Nikon D7200,Nikon D7200 24.2 MP Digital SLR Camera - Black (Body Only) Low Shutter Count,530.0,2020-11-29
BIN,calculator,Cameras,Nikon D7200,Nikon D7200 24.2 MP Digital SLR Camera - With Accessories,900.0,2020-11-29
BIN,calculator,Cameras,Nikon D7200,Nikon D7200 with 18-140mm VR Lens,742.99,2020-11-30
BIN,calculator,Cameras,Nikon D7200,Nikon D7200 DSLR Dual Lens Wifi Camera - 24.2 megapixel AF-S DX Nikkor 18-55mm,649.99,2020-11-30
BIN,calculator,Cameras,Nikon D7200,Nikon D7200 DSLR Camera with AF-P DX Nikkor 18-55mm f/3.5-5.6G VR Zoom Lens ,677.94,2020-11-30
BIN,calculator,Cameras,Nikon D7200,USED Nikon D7200 with 18-140mm F3.5-5.6 Lens (#6136026),799.99,2020-11-30
BIN,calculator,Cameras,Nikon D7200,[Near Mint] Nikon D7200 24.2 MP Digital Camera¬† in Box /w 18-55mm Lens + Charger,662.15,2020-11-30
BIN,calculator,Cameras,Nikon D7200,Nikon D7200 24.2MP DSLR Camera Body only. Shutter Count 6961  ,549.93,2020-11-30
BIN,calculator,Cameras,Nikon D7200,Nikon D7200 with 18-140mm VR Lens,767.0,2020-11-30
BIN,calculator,Cameras,Nikon D7200,Nikon D7200 DSLR Camera with AF-P DX Nikkor 18-55mm f/3.5-5.6G VR Zoom Lens ,709.98,2020-11-30
BIN,calculator,Cameras,Nikon D7200,USED Nikon D7200 with 18-140mm F3.5-5.6 Lens (#6136026),825.99,2020-11-30
BIN,calculator,Cameras,Nikon D7200,[Near Mint] Nikon D7200 24.2 MP Digital Camera¬† in Box /w 18-55mm Lens + Charger,639.0,2020-11-30
BIN,calculator,Cameras,Nikon D7200,Nikon D7200 24.2MP DSLR Camera Body only. Shutter Count 6961  ,570.95,2020-11-30
BIN,calculator,Cameras,Nikon D7200,NIKON D7200 DSLR CAMERA WITH 50MM LENS | 1554 | 24.2MP | BLACK,563.95,2020-12-01
BIN,calculator,Cameras,Nikon D7200,Nikon D7200 24.2 MP Digital SLR Camera (Body Only) - Shutter 2k.,643.46,2020-12-01
BIN,calculator,Cameras,Nikon D7200,NIKON D7200 DSLR CAMERA WITH 50MM LENS | 1554 | 24.2MP | BLACK,550.0,2020-12-01
BIN,calculator,Cameras,Nikon D7200,Nikon D7200 24.2 MP Digital SLR Camera (Body Only) - Shutter 2k.,644.62,2020-12-01
BIN,calculator,Cameras,Nikon D7200,USED Nikon D7200 Body Only (2505118),511.74,2020-12-02
BIN,calculator,Cameras,Nikon D7200,Nikon D7200 Digital SLR Camera Black Body - Mint Condition,601.15,2020-12-02
BIN,calculator,Cameras,Nikon D7200,USED Nikon D7200 Body Only (2505118),499.99,2020-12-02
BIN,calculator,Cameras,Nikon D7200,Nikon D7200 Digital SLR Camera Black Body - Mint Condition,590.0,2020-12-02
BIN,calculator,Cameras,Nikon D7200,Nikon D7200 24.2MP DSLR Camera Body #495,516.17,2020-12-03
BIN,calculator,Cameras,Nikon D7200,Nikon D7200 24.2MP DSLR Camera Body #495,556.81,2020-12-03
BIN,calculator,Cameras,Nikon D7200,Nikon D7200 24.2MP DSLR Camera Body #564,686.75,2020-12-04
BIN,calculator,Cameras,Nikon D7200,Nikon D7200 24.2MP DSLR Camera Body #564,729.07,2020-12-04
BIN,calculator,Cameras,Nikon D7200,Nikon D7200 24.2 MP Digital SLR Camera - Black (Body with battery and charger),458.99,2020-12-05
BIN,calculator,Cameras,Nikon D7200,[Near Mint] Nikon D7200 24.2 MP Digital Camera¬† 18-55mm 55-200mm Lens + Charger,630.05,2020-12-05
BIN,calculator,Cameras,Nikon D7200,Nikon D7200 24.2 MP Digital SLR Camera - Black (Body with battery and charger),438.99,2020-12-05
BIN,calculator,Cameras,Nikon D7200,[Near Mint] Nikon D7200 24.2 MP Digital Camera¬† 18-55mm 55-200mm Lens + Charger,615.0,2020-12-05
BIN,calculator,Cameras,Nikon D7200,Nikon D7200 24.2 MP Digital SLR Camera - Black (Body Only) Shutter count 26088,560.39,2020-12-06
BIN,calculator,Cameras,Nikon D7200,Nikon D7200 24.2 MP Digital SLR Camera - Black (Body Only) Shutter count 26088,562.99,2020-12-06
BIN,calculator,Cameras,Nikon D7200,Nikon D7200 digital Camera with Nikon DX VR AF-S NIKKOR 18-140MM 1:3.5-5.6G ED ,547.9,2020-12-08
BIN,calculator,Cameras,Nikon D7200,Nikon D7200 digital Camera with Nikon DX VR AF-S NIKKOR 18-140MM 1:3.5-5.6G ED ,568.95,2020-12-08
BIN,calculator,Cameras,Nikon D7200,Nikon D7200 24.2MP Digital Camera Body Excellent,528.0,2020-12-11
BIN,calculator,Cameras,Nikon D7200,Nikon D7200 24.2 MP Digital SLR Camera - Black w/ 35mm and 10-20mm Lens,660.9,2020-12-11
BIN,calculator,Cameras,Nikon D7200,Nikon D7200 24.2 MP Digital SLR Camera - Black w/ 35mm and 10-20mm Lens,650.0,2020-12-11
BIN,calculator,Cameras,Nikon D7200,** MINT ** Nikon D7200 24.2MP Digital Camera Body Shutter Count 847,568.0,2020-12-13
BIN,calculator,Cameras,Nikon D7200,Nikon D7200 ,512.71,2020-12-13
BIN,calculator,Cameras,Nikon D7200,Nikon D7200 ,500.0,2020-12-13
BIN,calculator,Cameras,Nikon D7200,Nikon D7200 24.2 MP DSLR Camera (Body Only) shutter count 9446,539.99,2020-12-15
BIN,calculator,Cameras,Nikon D7200,Nikon D7200 24.2MP Digital Camera Body Excellent,521.0,2020-12-17
BIN,calculator,Cameras,Nikon D7200,Nikon D7200 Body 24.2 MP and Nikkor AF-S DX 18-200MM F3.5-5.6 ED VR II,750.0,2020-12-17
BIN,calculator,Cameras,Nikon D7200,Nikon D7200 24.2MP DSLR Camera with Nikon 18-55mm Lens 70-300mm Lens Package,711.25,2020-12-17
BIN,calculator,Cameras,Nikon D7200,Nikon D7200 Body 24.2 MP and Nikkor AF-S DX 18-200MM F3.5-5.6 ED VR II,725.0,2020-12-17
BIN,calculator,Cameras,Nikon D7200,Nikon D7200 24.2MP DSLR Camera with Nikon 18-55mm Lens 70-300mm Lens Package,699.0,2020-12-17
BIN,calculator,Cameras,Nikon D7200,Mint Nikon D7200 24.2MP DSLR Camera Body (no Lens),648.44,2020-12-18
BIN,calculator,Cameras,Nikon D7200,[Near Mint] Nikon D7200 24.2 MP Digital Camera Body Black w/ Charger,529.99,2020-12-18
BIN,calculator,Cameras,Nikon D7200,Nikon D7200 24.2 MP Digital SLR Camera - Black (Body Only),535.05,2020-12-18
BIN,calculator,Cameras,Nikon D7200,Mint Nikon D7200 24.2MP DSLR Camera Body (no Lens),672.99,2020-12-18
BIN,calculator,Cameras,Nikon D7200,Nikon D7200 24.2 MP Digital SLR Camera - Black (Body Only),520.0,2020-12-18
BIN,calculator,Cameras,Nikon D7200,Nikon D7200 24.2 MP Digital SLR Camera (Body Only) - Shutter 2k.,636.46,2020-12-19
BIN,calculator,Cameras,Nikon D7200,Nikon D7200 24.2 MP Digital SLR Camera (Body Only) - Shutter 2k.,637.53,2020-12-19
BIN,calculator,Cameras,Nikon D7200,Nikon D7200 24.1MP Digital SLR Camera (Body Only) - 12K Shutter Count!,555.75,2020-12-20
BIN,calculator,Cameras,Nikon D7200,Nikon D7200 24.2 MP Digital SLR Camera - Black (Body Only) Low Shutter Count ,563.99,2020-12-21
BIN,calculator,Cameras,Nikon D7200,Brand New In Box Nikon D7200 Dual Zoom Lens Kit 24.2MP DSLR Camera¬†18-55/70-30mm,1400.0,2020-12-21
BIN,calculator,Cameras,Nikon D7200,nikon d7200 camera With Bag And 2 Lenses,820.0,2020-12-21
BIN,calculator,Cameras,Nikon D7200,Nikon D7200 24.2 MP Digital SLR Camera - Black with 2 Lenses and Accessories,850.0,2020-12-21
BIN,calculator,Cameras,Nikon D7200,Nikon D7200 24.2 MP Digital SLR Camera - Black (Body Only) Low Shutter Count ,550.0,2020-12-21
BIN,calculator,Cameras,Nikon D7200,nikon d7200 camera With Bag And 2 Lenses,850.0,2020-12-21
BIN,calculator,Cameras,Nikon D7200,Nikon D7200 24.2MP Digital Camera Body Shutter Count 16363 Excellent,530.0,2020-12-22
BIN,calculator,Cameras,Nikon D7200,Nikon D7200 24.2 MP Digital SLR Camera - Excellent Condition - Free Shipping,554.0,2020-12-23
BIN,calculator,Cameras,Nikon D7200,Nikon D7200 Digital Camera w/ AF-S DX 18-140mm f/3.5-5.6G ED VR Lens 10 counts,699.99,2020-12-26
BIN,calculator,Cameras,Nikon D7200,[Near Mint] Nikon D7200 24.2 MP Digital Camera Body Black w/ Charger,549.99,2020-12-27
BIN,calculator,Cameras,Nikon D7200,Nikon d7200 Camera And Lens Kit *Pristine* In Box,820.95,2020-12-28
BIN,calculator,Cameras,Nikon D7200,Nikon d7200 Camera And Lens Kit *Pristine* In Box,802.0,2020-12-28
BIN,calculator,Cameras,Nikon D7200,Nikon D7200 24.2MP Digital Camera Body Shutter Count 3401[Near Mint] From Japan ,629.0,2020-12-28
BIN,calculator,Cameras,Nikon D7200,Nikon D7200 dSLR Camera (body only),410.0,2020-12-29
BIN,calculator,Cameras,Nikon D7200,Nikon D7200 dSLR Camera (body only),428.0,2020-12-29
BIN,calculator,Cameras,Nikon D7200,nikon d7200 body only,470.0,2021-01-03
BIN,calculator,Cameras,Nikon D7200,[Near Mint] Nikon D7200 24.2 MP Digital Camera Body Black w/ Charger,549.99,2021-01-04
BIN,calculator,Cameras,Nikon D7200,Nikon D7200,724.0,2021-01-04
BIN,calculator,Cameras,Nikon D7200,Nikon D7200 Camera with 3 lens and many Extra Accessory¬†,950.0,2021-01-05
BIN,calculator,Cameras,Nikon D7200,Nikon D7200 DSLR Digital Camera + AF-S DX NIKKOR Lens 18-105mm f/3.5-5.6G ED VR,1298.11,2021-01-05
BIN,calculator,Cameras,Nikon D7200,New Mint Nikon D7200 24.2 MP 645  with  all accessories,840.95,2021-01-05
BIN,calculator,Cameras,Nikon D7200,"Nikon D7200 DSLR + 18-140mm Camera Kit, 2x Batteries, Filters, Remote & Extras!",800.0,2021-01-06
BIN,calculator,Cameras,Nikon D7200,Nikon D7200 24.2MP DSLR Camera Body #097,659.62,2021-01-07
BIN,calculator,Cameras,Nikon D7200,Nikon D7200 18-140VR Kit Camera with AF-S DX 18-140mm Nikkor Lens & Accessories,700.0,2021-01-08
BIN,calculator,Cameras,Nikon D7200,Nikon D7200 Digital Camera F Mount (Body Only) -,1369.95,2021-01-09
BIN,calculator,Cameras,Nikon D7200,Nikon D7200 24.2MP DSLR Camera Body #720,573.37,2021-01-10
BIN,calculator,Cameras,Nikon D7200,Nikon D7200 And 2 Lenses,730.0,2021-01-11
BIN,calculator,Cameras,Nikon D7200,MINT Nikon D7200 24.2MP DSLR Digital Camera Body ONLY 1K SHUTTER COUNT Nikkor,722.0,2021-01-11
BIN,calculator,Cameras,Nikon D7200,[Near Mint] Nikon D7200 24.2 MP Digital Camera Body Black w/ Charger,598.99,2021-01-11
