title,price,date
A Separate Peace - Paperback By John Knowles - GOOD,3.73,2020-08-10 00:00:00
A Separate Peace by John Knowles ,4.49,2020-08-09 00:00:00
"A SEPARATE PEACE, John Knowles, Vintage, 1970s, Bantam Edition, Paperback",11.95,2020-08-09 00:00:00
EASTON PRESS - A Separate Peace - John Knowles - Collectors Edition - 2008 - vg,49.95,2020-08-09 00:00:00
"A Separate Peace - Mass Market Paperback By Knowles, John - GOOD",3.65,2020-08-09 00:00:00
A Separate Peace by John Knowles,4.7,2020-08-08 00:00:00
A Separate Peace - Paperback By John Knowles - GOOD,3.73,2020-08-07 00:00:00
A Separate Peace - Paperback By John Knowles - ACCEPTABLE,3.73,2020-08-06 00:00:00
"A Separate Peace by Knowles, John",3.39,2020-08-05 00:00:00
"A Separate Peace , John Knowles",3.69,2020-08-05 00:00:00
A Separate Peace by John Knowles ,4.49,2020-08-04 00:00:00
"A Separate Peace by John Knowles (2003, Paperback)",6.06,2020-08-03 00:00:00
A Separate Peace by John Knowles - paperback - Bantam,4.3,2020-08-03 00:00:00
A Separate Peace & Peace Breaks Out by John Knowles (Two Paperbacks),5.0,2020-08-02 00:00:00
A Separate Peace by John Knowles ,6.99,2020-08-01 00:00:00
A SEPARATE PEACE by John Knowles 1984 paperback PREP SCHOOL DRAMA OF DISCOVERY,4.99,2020-07-30 00:00:00
A Separate Peace by John Knowles,4.14,2020-07-29 00:00:00
A Separate Peace by  in Used - Like New,6.06,2020-07-28 00:00:00
"A Separate Peace by John Knowles (2003, Trade Paperback) Like New",7.85,2020-07-27 00:00:00
"A Separate Peace - Paperback By Knowles, John",6.71,2020-07-25 00:00:00
A Separate Peace,4.21,2020-07-24 00:00:00
"A Separate Peace by John Knowles (2003, Trade Paperback)",5.16,2020-07-22 00:00:00
"A Separate Peace, John Knowles, Good Book",5.99,2020-07-21 00:00:00
A Separate Peace,4.18,2020-07-20 00:00:00
"A Separate Peace by John Knowles (2003, Paperback)",5.24,2020-07-19 00:00:00
"A Separate Peace - Mass Market Paperback By Knowles, John - VERY GOOD",3.66,2020-07-17 00:00:00
"A Separate Peace , John Knowles",3.99,2020-07-17 00:00:00
"A Separate Peace by Knowles, John",3.99,2020-07-16 00:00:00
A Separate Peace by John Knowles,7.58,2020-07-15 00:00:00
A Separate Peace by John Knowles LIKE NEW hardback PERMABOUND ,9.79,2020-07-15 00:00:00
"A Separate Peace by John Knowles (1975, Paperback)",4.25,2020-07-14 00:00:00
A Separate Peace,3.86,2020-07-14 00:00:00
"A Separate Peace , John Knowles",4.34,2020-07-13 00:00:00
A Separate Peace by John Knowles,3.99,2020-07-13 00:00:00
"A Separate Peace by John Knowles (2003, Trade Paperback)",4.79,2020-07-13 00:00:00
A Separate Peace By John Knowles,5.43,2020-07-13 00:00:00
A Separate Peace  (ExLib) by John Knowles,4.14,2020-07-12 00:00:00
"A SEPARATE PEACE by JOHN KNOWLES, DELL #F104, 1ST PRINT, 1961, VINTAGE PAPERBACK",18.54,2020-07-11 00:00:00
A Separate Peace,2.98,2020-07-10 00:00:00
A Separate Peace by John Knowles - Paperback - VG!,4.25,2020-07-10 00:00:00
A Separate Peace by John Knowles (1977),5.7,2020-07-10 00:00:00
A Separate Peace by John Knowles 9780743253970 | Brand New | Free US Shipping,14.03,2020-07-09 00:00:00
A Separate Peace by John Knowles HC/DJ 1959 BCE,5.48,2020-07-07 00:00:00
A Separate Peace,3.98,2020-07-07 00:00:00
"A Separate Peace by John Knowles (2003, Paperback)",10.68,2020-07-06 00:00:00
A Separate Peace by John Knowles ,4.49,2020-07-06 00:00:00
A Separate Peace,3.68,2020-07-06 00:00:00
A Separate Peace - Paperback By John Knowles,6.16,2020-07-05 00:00:00
A Separate Peace by John Knowles (Paperback / softback),6.15,2020-07-04 00:00:00
"A Separate Peace by John Knowles (2003, Trade Paperback)",3.79,2020-07-04 00:00:00
A Separate Peace by John Knowles,4.31,2020-07-03 00:00:00
"A Separate Peace by John Knowles (2003, Library Binding)",3.79,2020-07-02 00:00:00
A Separate Peace by John Knowles,3.99,2020-06-30 00:00:00
"A Separate Peace by John Knowles (2003, Trade Paperback)",4.05,2020-06-29 00:00:00
A Separate Peace (CD),15.85,2020-06-28 00:00:00
A Separate Peace by John Knowles,3.99,2020-06-27 00:00:00
John Knowles Unabridged Audiobook CD: A Separate Peace,13.0,2020-06-27 00:00:00
A Separate Peace,3.99,2020-06-26 00:00:00
"A Separate Peace by John Knowles (2003, Library Binding)",6.6,2020-06-26 00:00:00
A Separate Peace,3.97,2020-06-25 00:00:00
A Separate Peace,2.98,2020-06-25 00:00:00
A SEPARATE PEACE by JOHN KNOWLES 1975 BANTAM *HARDCOVER* BILDUNGSROMAN EXCELLENT,10.48,2020-06-25 00:00:00
A Separate Peace by John Knowles Hardcover No DJ,11.99,2020-06-25 00:00:00
"A Separate Peace by John Knowles (2003, Paperback)",7.0,2020-06-23 00:00:00
"A Separate Peace by John Knowles (2003, Trade Paperback)",3.79,2020-06-22 00:00:00
A Separate Peace by John Knowles 1984 Mass Market Paperback,3.9,2020-06-22 00:00:00
"A Separate Peace by John Knowles (1996, Hardcover, Special)",7.25,2020-06-21 00:00:00
"A Separate Peace - Mass Market Paperback By Knowles, John - GOOD",3.66,2020-06-19 00:00:00
A Separate Peace by John Knowles ,4.0,2020-06-19 00:00:00
"A Separate Peace by John Knowles (2003, Paperback)",6.8,2020-06-18 00:00:00
A Separate Peace by John Knowles,4.96,2020-06-18 00:00:00
A Separate Peace,4.73,2020-06-18 00:00:00
A SEPARATE PEACE by John Knowles  [Paperback]   ^ NEW ^,9.99,2020-06-18 00:00:00
A Separate Peace by John Knowles,4.5,2020-06-16 00:00:00
A Separate Peace by John Knowles,6.98,2020-06-16 00:00:00
A Separate Peace  - Audiobook,6.98,2020-06-15 00:00:00
A Separate Peace by John Knowles,3.99,2020-06-15 00:00:00
"A Separate Peace by John Knowles (2003, Library Binding)",5.1,2020-06-15 00:00:00
"A Separate Peace by John Knowles (2003, Paperback) FREE SHIPPING",5.64,2020-06-15 00:00:00
A Separate Peace,4.17,2020-06-15 00:00:00
A Separate Peace John Knowles Bantam Books 1975 seperate small Paperback book pb,8.94,2020-06-15 00:00:00
"A Separate Peace by John Knowles (2003, Paperback)",4.25,2020-06-15 00:00:00
"A Separate Peace by Knowles, John",5.15,2020-06-14 00:00:00
A SEPARATE PEACE  by John Knowles Hardcover 2016 Like New,15.33,2020-06-13 00:00:00
A Separate Peace by John Knowles & SparkNotes study guide - Free Shipping!,9.99,2020-06-13 00:00:00
A SEPARATE PEACE by John Knowles  [Paperback]   ^ NEW ^,9.99,2020-06-13 00:00:00
"A SEPARATE PEACE - KNOWLES, JOHN - NEW PAPERBACK BOOK",14.01,2020-06-13 00:00:00
A Separate Peace,3.8,2020-06-13 00:00:00
"A Separate Peace , Knowles, John",3.99,2020-06-12 00:00:00
A Separate Peace by John Knowles Paperback Book,9.99,2020-06-11 00:00:00
"A Separate Peace by John Knowles (2003, Paperback)",6.79,2020-06-11 00:00:00
A Separate Peace by John Knowles ,4.8,2020-06-10 00:00:00
"A Separate Peace by John Knowles (1984, Paperback)",3.5,2020-06-10 00:00:00
"A Separate Peace by John Knowles (2003, Paperback)",7.79,2020-06-10 00:00:00
"A Separate Peace by John Knowles (2003, Paperback)",8.0,2020-06-09 00:00:00
A Separate Peace,5.5,2020-06-09 00:00:00
"A SEPARATE PEACE by JOHN KNOWLES, DELL #F104, 1ST PRINT, 1961, VINTAGE PAPERBACK",18.54,2020-06-09 00:00:00
"A Separate Peace , Knowles, John",3.99,2020-06-09 00:00:00
A Separate Peace by John Knowles Paperback book FREE SHIPPING,8.39,2020-06-09 00:00:00
"A Separate Peace by John Knowles (2003, Paperback)",7.29,2020-06-09 00:00:00
A SEPARATE PEACE by John Knowles! Vintage 1970s Bantam Edition Paperback!,8.99,2020-06-08 00:00:00
A Separate Peace by John Knowles (Trade Paper),5.0,2020-06-08 00:00:00
"A Separate Peace by John Knowles (2003, Paperback) **",5.8,2020-06-08 00:00:00
"A Separate Peace by John Knowles (2003, Paperback)",3.79,2020-06-08 00:00:00
A Separate Peace,9.79,2020-06-08 00:00:00
Lot of 2 pbks: A Separate Peace by John Knowles and Cliffs Notes study guide,5.93,2020-06-06 00:00:00
"A Separate Peace , John Knowles",4.38,2020-06-06 00:00:00
"A Separate Peace , John Knowles",3.99,2020-06-05 00:00:00
A Separate Peace by John Knowles GAY INTEREST. LGBT.,6.8,2020-06-05 00:00:00
A SEPARATE PEACE  by John Knowles,15.75,2020-06-05 00:00:00
A Separate Peace By John Knowles,4.25,2020-06-04 00:00:00
"A Separate Peace , Knowles, John",3.99,2020-06-04 00:00:00
"A Separate Peace , Knowles, John",3.99,2020-06-04 00:00:00
"A Separate Peace by John Knowles (2003, Paperback)",7.33,2020-06-04 00:00:00
"A Separate Peace by John Knowles (2003, Paperback)",5.33,2020-06-04 00:00:00
"A Separate Peace by Knowles, John",3.42,2020-06-02 00:00:00
A Separate Peace John Knowles paperback book,4.28,2020-05-31 00:00:00
A Separate Peace By John Knowles,4.83,2020-05-30 00:00:00
"A Separate Peace by John Knowles (2003, Paperback)",6.75,2020-05-28 00:00:00
"A Separate Peace by John Knowles (2003, Hardcover)",4.33,2020-05-28 00:00:00
A Separate Peace - John Knowles - Trade Paperback Acceptable Softcover PB,3.8,2020-05-25 00:00:00
A Separate Peace by John Knowles ,5.3,2020-05-24 00:00:00
A Separate Peace by John Knowles,3.99,2020-05-22 00:00:00
A Separate Peace by John Knowles ,3.58,2020-05-20 00:00:00
A Separate Peace By John Knowles 1975 Bantam Paperback,4.99,2020-05-20 00:00:00
"A SEPARATE PEACE by John Knowles (2003, Paperback)",4.8,2020-05-20 00:00:00
A Separate Peace (Scribner Classics),10.24,2020-05-18 00:00:00
A Separate Peace by John Knowles Paperback,6.0,2020-05-18 00:00:00
A Separate Peace (Scribner Classics) by John Knowles,6.33,2020-05-18 00:00:00
"A Separate Peace , John Knowles",3.79,2020-05-17 00:00:00
"A Separate Peace by John Knowles (2003, Paperback)",5.88,2020-05-15 00:00:00
A SEPARATE PEACE  by John Knowles Hardcover 2016 Like New,13.32,2020-05-14 00:00:00
"A Separate Peace by John Knowles (2003, Hardcover, Prebound)",8.43,2020-05-13 00:00:00
"A Separate Peace , John Knowles",4.33,2020-05-13 00:00:00
A Separate Peace by John Knowles. Hardcover,4.8,2020-05-12 00:00:00
